id,shortcode,image_file,prob_pavbhaji,prediction,caption_preview
1842237454258963675,BmQ8TQ9BoTb,38491788_225871361464019_4463125397466251264_n.jpg,0.9364,1,#pavbhaji 😍
1841827981087239697,BmPfMpWFG4R,38210421_218048705540668_3868399364728684544_n.jpg,0.9183,1,#pavbhaji
1846562278474639590,BmgTpvYHejm,39189070_236054093764053_3395579029430992896_n.jpg,0.9154,1,#pavbhaji
1849572423348100301,BmrAFHQBZzN,38913521_296833780897579_5022145490171461632_n.jpg,0.9112,1,#pavbhaji #htcm8 #nawazimages
1848121050332864773,Bml2E2zAyEF,37989060_1133218100191332_1491656169263988736_n.jpg,0.9087,1,#pavbhaji #Streetfood #kphb #butter
1850190797121432471,BmtMrotHquX,38749742_212222066309677_1283026771356155904_n.jpg,0.891,1,#pavbhaji #lovingit😍
1849496686725404445,Bmqu3ABh5cd,39599276_418467278677124_8857379534052261888_n.jpg,0.8904,1,#pavbhaji #canada🇨🇦
1846642844234578378,Bmgl-IFnnnK,38658630_1911943495551982_1349381619487604736_n.jpg,0.883,1,#pavbhaji
1844077698756683211,BmXeuWMnKXL,37914896_1603259259782877_7667247094217834496_n.jpg,0.88,1,Gorging on yummilicious kulhad pav bhaji from @chaayos 😋 what you had for breakfast? . Happy Sunday🤗 . 🔸Price:
1850547382502986821,BmudwouHpRF,38677765_2092466311003670_4402403141245468672_n.jpg,0.874,1,Pav bhaji 😍😋 Anyone ? ? . . follow @foodtalknoida . . #foodtalknoida #pavbhaji #homecooking #homemade #homecoo
1847392979952586723,BmjQiCan8_j,38424209_887684661441041_3122704814924890112_n.jpg,0.87,1,What's better than a plate of delicious pav bhaji in rainy season👌👌😍 Can't get enough of this 😋 . Where - Jhak
1842400497181482705,BmRhX2ggV7R,38618462_254297801854907_6980495266835070976_n.jpg,0.8695,1,Pav bhaaajjiiiii . • • Follow @namrataeats for more updates. • • • • #pavbhaji #streetfoodlover #streetfood #y
1853714855318330156,Bm5t9bqHRss,38989734_329134020993408_4402596603752349696_n.jpg,0.862,1,Wanna have a bite of this Pav bhaji full of spices and butter? 😋 . . . . Follow- @beguilingbites for more food
1848775462145039345,BmoK3zSnRvx,38768817_645701852497708_2809754392929274455_n.jpg,0.8615,1,"Pav Bhaji ❤😍😋 . Taste:- 4/5 . ""Pav Bhaji"" this word is an emotion😍❤😂no one can say no to pav bhaji you can hav"
1174791445086740035,BBNsphRkB5D,12523797_891911740926806_1321333898_n.jpg,0.8581,1,#pavbhaji#cooking#cookingwithlove
1846558864864964567,BmgS4ENH-_X,38434051_230292871010307_7958978143593693184_n.jpg,0.8563,1,Pav Bhaji – a spicy curry of mixed vegetables (bhaji) cooked in a special blend of spices and served with soft
1847123045836337162,BmiTJ-rgzAK,38724633_302878343794326_3016640464406183936_n.jpg,0.8506,1,#pavbhaji made by me
1845897352724949500,Bmd8dzBASn8,37914902_278232386289711_1800982707514114048_n.jpg,0.8479,1,When your making Pav Bhaji and you take the onion game seriously. Also many uses of a scuba mask! #ihavespecia
1849831155308580407,Bmr66KKnk43,39676299_456843828166055_8129041990768656384_n.jpg,0.8466,1,The desire of every street food lover - Delicious and buttery street-style Pav bhaji made for a Sunday breakfa
1841821269160810125,BmPdq-YFtaN,37732275_220218245274661_6781457076360052736_n.jpg,0.846,1,Pav bhaji 🍛💝💝 . . Follow @scrumptious_nosh Follow @scrumptious_nosh . . Use #scrumptious_nosh to get featured 
1846482042739438026,BmgBaKBnzHK,38897119_249749828985655_8788431848523956224_n.jpg,0.8453,1,Street food: Pav Bhaji Contains with 4 pav and butter bhaji. Quantity for one. Place: janpath market. Price: 7
1847693932814122809,BmkU9enB785,39003829_1493126980833617_8419709520342679552_n.jpg,0.8413,1,#yummy #pavbhaji 😍😋 #pavbhajilove
1832586415315989324,Blup6KhHbNM,37036628_270418473752731_596743572150026240_n.jpg,0.8411,1,Because the weather calls for a delicious plate of buttery Pav Bhaji with onions and chutney 😍 ••• #justdelhii
1846582149776499456,BmgYK5-AWMA,38220178_2053752591608694_6711406335855951872_n.jpg,0.8398,1,"Pav bhaji from Sudarshan hotel, sakinaka #pavbhaji #pavbhajilovers #mumbaistreetfood #mumbaifoodie #streetstyl"
1848031647494948628,Bmlhv36nccU,38795880_1882659822030845_4706896952229363712_n.jpg,0.8393,1,Home cooked Pav Bhaji for dinner today!! . . Follow @zaikadillika for more Follow @zaikadillika for more Follo
1843025526055470127,BmTvfOAg4Qv,38097602_274772729776681_5518974718423597056_n.jpg,0.8375,1,Pav bhaji anyone🤤 . #food52 #foodprep #foodblog #food52 #foodbeast#foodpost #foody#food #followforfollowback#f
1841462606601018575,BmOMHv1nlzP,37831139_217938685729972_6129992906439655424_n.jpg,0.834,1,|| PAV BHAJI || . . . . . . . . . . . . #pavbhaji #streetfood #streetlife #streetcravings #streetfoodphotograp
1845812081310264275,BmdpE70n2vT,38646761_461019907748765_4971059216417554432_n.jpg,0.8296,1,Home made pav Bhaji 💝 Perfect dish to savour your taste buds 😋 It is easily accessible street food in India bu
1844837390919653462,BmaLdUqH9hW,38202135_314849212585311_1657871657022259200_n.jpg,0.8285,1,#pavbhaji
1847125563744112490,BmiTunqgs9q,38760756_2040780896236569_1352723280137551872_n.jpg,0.8284,1,#pavbhaji #pavbhaji😋 #yummy
1842162963438156424,BmQrXR-HLqI,38618302_274103790075076_5828563228203941888_n.jpg,0.8275,1,#pavbhaji #cheezpavbhaji #pavbhaji😋 #foodlovers
1843162345184936253,BmUOmMwH8E9,37748092_245461116110115_5732392867427516416_n.jpg,0.8256,1,Pav Bhaji had never looked so tempting!🤩 Bhaji topped with cheese and coriander. Buttery Pav served with lemon
1843647229879862163,BmV82M0H0OT,38236736_2110818452514435_2980375272387248128_n.jpg,0.822,1,Mumbaia Pav bhaji !!! #pavbhaji #streetfood #mumbai #foodie #food #foodgasm #foodmad #foodporn #foodtastic #fo
1842144694358186448,BmQnNbkFxnQ,38458120_2127877037471864_2352978003249594368_n.jpg,0.821,1,"Pav bhaji... anyone want to join 😍 Cost : Rs 80 at shankar fast food , ashok nagar new delhi #pavbhaji #likesf"
1844317979091488424,BmYVW4snU6o,38924126_2111285589198808_4895631760974413824_n.jpg,0.8198,1,Here comes everone's favourite utterly butterly delicious pav bhaji 😛✌ . Where: Baniya Di Hatti Price: 70/- . 
1847008613958026816,Bmh5IxsDgZA,38720804_256335408343031_331877916872802304_n.jpg,0.818,1,😋Pav Bhaji😋 Love 💗 Love 💗 Love . . . 😍Because the weather calls for a delicious plate of buttery Pav Bhaji wit
1850525758642736948,BmuY197nE80,38871488_227580404596556_8053230676918403072_n.jpg,0.8167,1,I wouldnt mind pav bhaji for breakfast. Would you? Pc: @chatpati_shikha . .. Follow @thefoodtsarina .. . #food
1843708638020396274,BmWKzzmhmTy,37840901_1938892116167901_3544274907502215168_n.jpg,0.8165,1,In frame: the irresistible pav bhaji 😋😍 #pavbhaji #pavbhajilove #pavbhajilover #spiceitup #sourandspicy #foodl
1841879884140208668,BmPq_71HWIc,37961965_302604863632389_8682771366664994816_n.jpg,0.8157,1,"•ARJUN KI PAO BHAJI• This is easily one of the tastiest pao bhaji one can have!🤤 Trust us, if you have not tri"
1844456369547583180,BmY00u2lx7M,38247710_2093651804230831_5359923244704989184_n.jpg,0.8156,1,#pavbhaji #sadguruvegdiet
1845513490997958906,BmclL37H9j6,38153494_280382842550180_3452749828734320640_n.jpg,0.8154,1,"If you know me and have been following me for a while, then you'd know that Pav Bhaji is my favorite😋 So I fil"
1843605906707560996,BmVzc3nHbok,38250998_1845099092202976_4951088009333178368_n.jpg,0.8111,1,•CHAAYOS KI PAV BHAJI•💜 Had this utterly butterly delicious pav bhaji from chaayos.🤤 The taste was really very
1844315996947464100,BmYU6Crn7-k,38198299_2136413803276553_455516814005239808_n.jpg,0.8092,1,Kulhad pav bhaji from @chaayos I love how good it tastes 😋 #mysterymunching • • • • • • • • • • • • • • • • • 
1844345525459993272,BmYbnvQH8K4,38247705_293652014522686_7482825592279138304_n.jpg,0.8082,1,"For North Indians in Bangalore, Pav Bhaji cravings can be dealt with this! 😍 What: Pav Bhaji Where: A2B Restau"
1843398257059799401,BmVEPKzn6Fp,37900197_273117340170308_1000958517928001536_n.jpg,0.8064,1,Subah subah pav bhaji khaane ka mjaa hi kuch aur h💓💓💓💓 . . Saturday well started👍💓 Btw diet pe hu isi liye but
1843197989084851638,BmUWs4uHe22,37895388_902194459968225_4808393639388512256_n.jpg,0.8055,1,#indianstreetfood #pavbhaji #bhajipav #vegan #spicy #garlic #vegetables
1844027255724903005,BmXTQTdnwpd,38184415_229705451078164_4429460288454000640_n.jpg,0.8048,1,I love #pavbhaji more then love u😁😋 #paavbhaji #foodphotography #foodporn #travelfood #instafood #travellersch
1845135101038491544,BmbPJk0APeY,37911460_1525259597620763_3400685066941104128_n.jpg,0.8045,1,Scintillating street food flavours at home. Hot and Spicy Pav Bhaji 😁 __________________________________ #indi
1844506272477679130,BmZAK6lAw4a,38081034_700509273633352_2773241446516391936_n.jpg,0.8015,1,World famous #pavbhaji now in #prague!
1844301689790590440,BmYRp2Gnu3o,38146154_564002077362740_1542425624755306496_n.jpg,0.8014,1,Pav Bhaji hi h ye😂 Bs thodi dramebaazi add krdi🤭 .. PS: The best version of pav bhaji you would ever have😍😍🤤 H
1844416616310344055,BmYryPxAYl3,38097251_2172178459693533_7410844199550976000_n.jpg,0.8003,1,#pavbhaji 😋 #homecooked #selfmadefood ✌️
1842684308209354324,BmSh52IAUZU,37906926_2134692363521466_7995926703564128256_n.jpg,0.7997,1,🍞🍔Pavbhaji... . . .. #Pavbhaji#Indianfood #ashianfood#food#foodie #indianstreetfood #drooling#yummy #delicieou
1849189967819848842,BmppHpyHjyK,38903956_549915992130583_8590822357445115904_n.jpg,0.7989,1,I can smell that picture. Pav Bhaji cooking at home today. #fragrance #food #pavbhaji #coriander #onion #chop
1841849581862516339,BmPkG-onfZz,37876107_298541367389653_8088827421702225920_n.jpg,0.7983,1,"Pav bhaji from Cream Craver, Camp, Pune Price: ₹135 Cat rating: 8/10 Ambience: Casual dining #thehungrycatindi"
1843651384428487705,BmV9yqChGQZ,37959990_297137291051790_3747698903831543808_n.jpg,0.7983,1,It's all about love..😉❤ #tell_sagar #pavbhaji #foodie #delicious #instafood #yummy #sharefood #foodstagram #fo
1848042422039501160,BmlkMqfhFlo,38931043_922201137972275_244087651471196160_n.jpg,0.7981,1,"Pav Bhaji is a mixture of potatoes, vegetables, tomato and spices, served with buttered rolls. The only questi"
1847700279988699409,BmkWZ14HcER,38871475_221338651894264_3019473742662205440_n.jpg,0.7959,1,The famous Pav Bhaji from Juhu beach! . . Follow @uncoveringtastebuds for more food cravings. . . #uncoveringt
1846929892912171110,BmhnPPAFIhm,38730035_231647114212154_6212525294352334848_n.jpg,0.7956,1,Ordered this pav bhaji today was pretty good . . . PS : will be posting other photos very soon . . . . #pavbha
1848075230726043850,BmlrqF9n7jK,38624312_452779678539044_8691958615243751424_n.jpg,0.7929,1,Pav bhaji !😋😋 #homemade#best#pavbhaji#indian#instagram#like#follow#comment
1770874342960383511,BiTaNUaAcYX,30841968_1567207513378480_2894719859134824448_n.jpg,0.7889,1,Pav bhaji for breakfast 😋. #breakfastclub #delhi #delhifoodie #foodporn #foodie #startup #startuplifestyle #st
1846502284165371066,BmgGAtUn9S6,39196109_2175598456018125_2519147118245969920_n.jpg,0.7884,1,"Paav Bhaaji Call it sinful. Call it indulgent. Call it buttery. But it sure looks delicious AF. So, where did "
1847163925804685299,Bmicc3HgRfz,38823797_2112309692421019_6350077445982388224_n.jpg,0.7883,1,"Keep calm and eat this utterly butterly delicious pav bhaaji from kumar pav bhaji corner, krishna nagar, east "
1841678614010997421,BmO9PEajyqt,37757134_205356776995765_7369731720326676480_n.jpg,0.7878,1,#pavbhaji Pls check my bio for link of my YouTube channel to view recipe.
1846585989462252612,BmgZCx9HFxE,38458069_279840469469354_6209491823375679488_n.jpg,0.7878,1,Holiday special paav bhaaji😍💖💖💖 . . . . . . #foodie #foodblogger#foodaddict #mumbai #foodphotography #foodgasm
1841513456916169836,BmOXrt4lwRs,38436448_227302627976127_720917884200550400_n.jpg,0.7873,1,Pav Bhaji - The perfect Desi fast food snack of entire India. ✴️ A spicy curry of mixed vegetables cooked in a
1850220397859783816,BmtTaYinUSI,39006363_262959474316316_3343214891237376000_n.jpg,0.7869,1,Spicy buttery Pav bhaji at Supreme Pav bhaji.. Is the best fit in rains.. . . . . . . #bhukkadpunekar #soulful
1848459928799216387,BmnDIL9nwMD,38694429_453823178470033_7792266436788879360_n.jpg,0.7868,1,What’s better than having Yummy and Tangy Street Style Pav Bhaji in breakfast. As one may have great breakfast
1843764368173928482,BmWXeyWh5Ai,37981255_303201640436365_6154607200804274176_n.jpg,0.7862,1,Pandit pav bhaji🤩💯. . . Follow @eat_aasan . truly one of the best places to savour this delight. . Yayaya I kn
1846599034116903214,BmgcAmvHhEu,39356441_515911035849888_2109737044451262464_n.jpg,0.7852,1,Home made Pav bhaji . . #food #foodphotography #pavbhaji
1845053605621456607,Bma8nqSnt7f,39022301_873270142861801_4041579906461597696_n.jpg,0.7847,1,Pav bhaaji... Mumbai's street food.. popular all over India and made in every house hold...Butter tossed Pav a
1842392407872501595,BmRfiIwHfdb,38039108_148652526004950_4694931817587802112_n.jpg,0.7843,1,Mumbai's famous street food....PAV BHAJI! Perfect rainy day for hot and delicious Pav bhaji😋 #mumbaistreetfood
1853065230240657065,Bm3aQJKHy6p,39783672_535904726841494_48958405221548032_n.jpg,0.7838,1,"•All the pav bhaji lovers, don't forget to like the video. •Easy street style pav bhaji video recipe. •Do foll"
1844027228772328237,BmXTP6XH2Mt,38434450_274407633152231_7160757595458764800_n.jpg,0.7819,1,Morning scene - halki halki barish mai garam pav Bhaji ka sath. . . #alwaysbhukaa #pavbhaji #delhigram #delici
1849408358719529132,BmqaxqKHaCs,38097126_1847363988684156_8711015492510285824_n.jpg,0.7817,1,Are you drooling over this #pavbhaji ? Follow @mintsrecipes ➖➖➖➖➖➖➖➖➖ follow @mintsrecipes follow @mintsrecipe
1846541030162432297,BmgO0iWBAEp,38543302_1838897079480132_6093585636902567936_n.jpg,0.781,1,Yummy dish everyone who has been to Mumbai would love it .😍#pavbhaji Irresistible pavbhaji with extra dollop o
1842112674302013532,BmQf7ekBDBc,38833144_2074603715906011_1929642649048842240_n.jpg,0.7808,1,Pav Bhaji is my favorite food...can eat for the next day lunch dinner etc etc... #pav #pavbhaji #bhaji#butter 
1849784629024966629,BmrwVHMAsfl,39364498_2252740461421291_2970632581457903616_n.jpg,0.7802,1,The Indian Pav Bhaji is a street food that will make you drool thinking about it! A delicious flavorful mish m
1850603532917180618,Bmuqhu3nIjK,38792930_460313534459603_8534390533034868736_n.jpg,0.7797,1,Pav Bhaji with oodles of butter is my comfort street food. Maa ke haath se bana hua khaana is the best. ❤️ . .
1854264823808699038,Bm7rAhunqqe,39850928_268699087077280_8076387989527199744_n.jpg,0.7792,1,♥️♥️♥️RECIPE ALERT♥️♥️♥️ Recipe of “BUTTER PAV BHAJI” my way 😋 . Ingredients: ~2 medium Potatoes (approx. 1½ c
1842776229805011474,BmS2zeyD7IS,38216666_455123204989809_5008912859141242880_n.jpg,0.779,1,#pavbhaji #cone #newdish #awsomefood
1848502556776977028,BmnM0gXF9KE,38472975_1739076946210922_203921770154033152_n.jpg,0.7787,1,Pav bhaji anyone ? . . . . . . Follow @unblushedlife for more food and lifestyle posts. . . . . . . #unblushed
1842102030459907717,BmQdgltlq6F,38072631_205604056971195_6890129459869908992_n.jpg,0.7775,1,Pav bhaji😋 . Follow @fooodblogger_ for more updates . . #pavbhaji #indianfoodiesforever #yumm
1847631253581112755,BmkGtYBnKWz,38439616_310315502861642_2827023250335203328_n.jpg,0.7772,1,Yes I cooked #pavbhaji #homemade #foodphotography #indianfood #streetfood #foodiesofinstagram #foodpost
1855257944271288803,Bm_M0VPAvnj,39141696_270924236850550_5447694934373040128_n.jpg,0.7771,1,Bcoz i love #pavbhaji more than anything else🍱🍣😂 #indianstreetfood at its best once again👅 🔥🔥🔥🔥🔥🔥🔥🔥🔥🔥🔥🔥🔥🔥🔥🔥🔥 .
1842729285578619732,BmSsIWkH3tU,37850973_221035418753315_8810639990540206080_n.jpg,0.7756,1,Pav bhaji..one of the street style food that most of us love and enjoy. I have made this little healthier by u
1843504260047139258,BmVcVtyB3G6,38072576_220479001974495_7814881565611130880_n.jpg,0.7745,1,Pav Bhaji and a long drive 👌 at Santosh Sagar (Nepeasea Road) 📷 @mumbaifoodlovers #mumbainightlife #pavbhaji #
1845585908894272953,Bmc1psWHA25,38745940_526077717814677_5001203324125446144_n.jpg,0.7744,1,some yum pav bhaji for breakfast...so light and perfect breakfast.... #breakfast #pavbhaji #aloobhaji #chanama
1842729102094414409,BmSsFrrnLJJ,37814877_954836054699090_7219658862855454720_n.jpg,0.7744,1,Pav bhaji..one of the street style food that most of us love and enjoy. I have made this little healthier by u
1844120024971630454,BmXoWRjnld2,38847664_284118035515371_6916832173492273152_n.jpg,0.7723,1,YAYYY or NAYYY ‼️ Pav Bhaji Mornings are my Favorite Mornings 🤗 . . . Keep following guys @thetravellingbeee 🐝
1846573520677251232,BmgWNVfnCig,37920924_503653020082455_2526869602588164096_n.jpg,0.7719,1,#pavbhaji #homemade #foodlover #followforfollowback
1849705547721552946,BmreWU_AzQy,38810781_502012406928558_1841353338512211968_n.jpg,0.7713,1,Can’t say no!! #pavbhaji #fastfood #fastfoodporn #foodie #foody #ymmy #lajpatnagar #delhigram #sundayfunday #n
1845920844997295215,BmeBzp5jXxv,38458074_2128537987399709_3766024623045476352_n.jpg,0.7705,1,"Who doesn’t love pao bhaji?❤️ •• 📍: Jhakkas pav bhaji, punjabi bagh •• Cost : 90/- — Follow @streettreatt for "
1848057133503775023,BmlnivnHoEv,38295183_241869183329352_7432112632787632128_n.jpg,0.7698,1,cheese pav bhaji.....my all time favourite food😍😍 #foodlover #pavbhaji #foodoholic #indianfood
1852260799936324984,Bm0jWJDleV4,39998232_229316554405168_604278980601708544_n.jpg,0.7695,1,Pao Bhajji khaane ka dil kar raha hai aaj 😍😋❤ What about you guys? What are you craving for? . Spread your lov
1849370599371317518,BmqSMMBlCEO,38628730_662541004122570_8224610660986650624_n.jpg,0.769,1,"Pav Bhaji, danie z polecenia, a raczej z podpytania, bo lubię zapytać przyjaciół co dobrego jedli ostatnio a i"
1847013777364227816,Bmh6T6fDBbo,38422510_274561219941081_1442762046817959936_n.jpg,0.7688,1,"Pav Bhaji Porn 👉🏼Effin Sex Pot 😍no really, if there's any food that comes close to being #drugs This plate of "
1846725020288442273,Bmg4p8gHl-h,38450839_437907373384764_8113472974838824960_n.jpg,0.7686,1,Do you love Pav bhaji?😍 #pavbhaji #selfmade #instagood #instagram #instafood #instahappy #haveityourway #wtffo
1849347944442835498,BmqNCg-nTIq,38836393_690549478010687_4522262501517164544_n.jpg,0.7684,1,**** पाव भाजी **** . PavBhaji... . . . . #paavbhaji #bhajipaav #pavbhaji #lovepaavbhaji #paavbhajilove #instap
1849262946771779820,Bmp5toun8Ds,38734758_213665476162004_5488554693426675712_n.jpg,0.7683,1,When food is served straight from the hot pan..!! This is the delicious butter pav bhaji served with freshly c
1841555267986502718,BmOhMJelbQ-,37823307_278894806232658_4633658779055947776_n.jpg,0.7681,1,Pav bhaji ❤️ #vegfoodiye #vegetarian #pavbhaji #burger #indianstreetfood #streetfoodlover #foodfollowforfollow
1844121123929530122,BmXomRCnR8K,38769099_469464906852952_3426134307243032576_n.jpg,0.7679,1,Pav Bhaji❤️ Price: 70 INR only @thehungersyndrome02 @thehungersyndrome02 @thehungersyndrome02 . . . . . #food 
1847059615479247518,BmiEu8jnDKe,38462647_1914655995495752_7100397774348222464_n.jpg,0.7672,1,It’s actually made with 1 spoon of oil & 2 spoons of butter. Streeet style Pav Bhaji for you and your family. 
1848770459103281206,BmoJu_2FkA2,38810659_376915359540299_8136958221085573120_n.jpg,0.7671,1,#pavbhaji for breakfast 😋 #riseandshine #mumbaistyle #letseat #getinmybelly
1846157106584417966,Bme3htphvau,39044633_475110446291946_5090550485107081216_n.jpg,0.7658,1,"Pav Bhaji If we are eating out, we consider pav bhaaji as snack, but if we cook bhaaji and bake pav at home, w"
1845997711288237522,BmeTSNNhP3S,37940487_320358421867846_2906732908431540224_n.jpg,0.7652,1,And Pav bhaji here is on point! @hammeredpubngrub #bangalore #foodporn #pavbhaji #yumfood #breezerlove
1849094544222838961,BmpTbDog-Cx,38474828_467425687107379_4170377192460517376_n.jpg,0.7647,1,📍Pradeep Pav Bhaji Bombay ki Mashoor Pav Bhaji in Delhi. Relish one of the best Cheese Pav Bhaji at this place
1841655716006201551,BmO4B2_HgjP,37852883_1876335005993835_3029524494415822848_n.jpg,0.7641,1,Pav bhaji steamed buns using vegan butter too 💥💥🔥🔥 . . . . . #vegan #whatveganseat #veganfoodshare #veganrecip
1847059439805122788,BmiEsY8ncjk,38887438_2166555256914730_8137640515295248384_n.jpg,0.7637,1,It’s actually made with 1 spoon of oil & 2 spoons of butter. Streeet style Pav Bhaji for you and your family. 
1839983880574974644,BmI75c6Hbq0,37832519_268989023889838_4547235155068059648_n.jpg,0.7629,1,#pavbhaji #mumbaistreetfood
1847059880542535972,BmiEyzanQEk,38533691_229023444480753_374908300858228736_n.jpg,0.7619,1,It’s actually made with 1 spoon of oil & 2 spoons of butter. Streeet style Pav Bhaji for you and your family. 
1843505371447029028,BmVcl42n-0k,38081531_231466317451989_3125812971087855616_n.jpg,0.7618,1,Regrann from @thepunefoodie - Pav Bhaji with extraaaaa butter? We like😍 . Whats your favourite spot for pav bh
1847599859106758073,Bmj_khpHr25,38797531_247113382604865_4767062761077211136_n.jpg,0.7616,1,Are you bored?? Let's talk about something exciting. Like cheese pav bhaji🗣️ #pavbhaji #pavbhaji😋 #chessepavbh
1854218335953481928,Bm7gcCihfDI,39226060_175352386616041_6438141077462450176_n.jpg,0.7611,1,"Garmi lage chahe mirchi, pav bhaji khaani hai to khani hi hai! . . Guess the place? Most of you have a love-ha"
1849371978459117343,BmqSgQZnfcf,38757444_403791056816985_6343144630032269312_n.jpg,0.761,1,"I can have Butter Pav Bhaji anytime, anyday. What about you? 😄 Price- ₹125 #pavbhaji #yummyyummyinmytummy #all"
1843451854625929681,BmVQbHbg3nR,38006811_296281531145993_8107972418812772352_n.jpg,0.7609,1,Utterly butterly delicious pav bhaji... 🙈❤ . . . . . #butterly #pavbhaji #yummy #bombayfoodexplorer #yummyinth
1844167183401144606,BmXzEhRDtEe,38710813_435861073573745_747876272931078144_n.jpg,0.7607,1,Mumbai style... Pav Bhaji 🤩😋😍🤗 #streetfood #pavbhaji #butterpavbhaji #food #foodphotography #deliciousfood #ho
1847985711485975761,BmlXTarHnzR,38265291_266879100589398_7819273148196454400_n.jpg,0.7606,1,Pavbhaji for life❤️ #pavbhaji #india #mumbai #mulund #mulundeast #butter #foodie #bawarchi #pureveg
1846419609113490341,BmfzNoLhnOl,38302186_682881045406694_7677864949158248448_n.jpg,0.7602,1,#pavbhaji #lotsofbutter #celebration #independenceday 🇮🇳
1844182238764037447,BmX2fmqnXVH,38072655_1055074451341678_8716870086985515008_n.jpg,0.7599,1,Homemade Pav Bhaji on weekends is love. . Tag your friends and family who loves Pav bhaji. . . ➖➖➖➖➖➖➖➖➖➖➖➖➖➖➖
1850245678396162890,BmtZKQ4AUNK,38792938_302629737210515_9179279687845675008_n.jpg,0.7585,1,Bun Chowpatty Bhaji🤩🤩 #chintukechatkaare This was basically pav bhaji but a very nice one. Bhaji was a little 
1834712933156555738,Bl2NbElnIva,37599530_291077411445016_3382263118984904704_n.jpg,0.7584,1,TAG A PAV BHAJI FANATIC 😋😍 PC @exploringplates For more food updates follow @ekplate To get featured tag us on
1844129273075824175,BmXqc2hlXYv,38042619_2101505060103469_8732167953040015360_n.jpg,0.7582,1,#pavbhaji Mumbai street special #foodtruck #foodhunter #foodpost #foodporn #foodlover #foodnetwork #foodphotog
1845120653592593038,BmbL3VlH4KO,38007869_704912179855058_7453681400202395648_n.jpg,0.758,1,Pav bhaji!! Tag pav bhaji lover👫👭👬 Place: Gaylord Xpress Price: 60 Rating: 4.5/5 . . . . . Follow @foodietroll
1846216993361761165,BmfFJLjnhON,38194791_425119404560981_7452826066055331840_n.jpg,0.7578,1,Pav Bhaji. 😍😍 This famous pao bhaji wala travels almost 28km daily to and fro with his 'thela' to sell pao bha
1834195947154605793,Bl0X372nIbh,37166647_214284879255701_8419811414146809856_n.jpg,0.7578,1,Pav bhaji is all time favourite especially this one. This is from the small stall opposite to Prabhu Dyal Publ
1848482279421371433,BmnINbmg-Qp,38643380_224283844916558_7041023132836036608_n.jpg,0.757,1,Sugran bayko..! 😍😍 #pavbhaji 😋😋 @d_pretty_woman
1855239358412986976,Bm_Il3zh5pg,39287793_1762674650482819_7298691904688881664_n.jpg,0.757,1,Tall paavbhaaji wala #pavbhaji #chef #tallguy #food #cellphonography #realme
1847281136848195917,Bmi3GgaHdFN,38682333_1916519088371593_6253804371063078912_n.jpg,0.7566,1,Having “PAV BHAJI” any time of the day? Well hell yeah! Can never ignore this beauty of my life.😍 (Posted by: 
1845888481361810061,Bmd6cs6jlKN,38685970_280976639351318_1992100724892237824_n.jpg,0.7563,1,Latenight#pavbhaji#madness#baarish#foodlover
1843717985464541619,BmWM71FnOGz,38081381_473569469778542_5753272996965908480_n.jpg,0.7557,1,"Вечер для Пав Бхаджи ❤😋Jalgaon, Maharashtra, India. #pavbhaji #streetfood #india #jalgaon #maharashtra #food #"
1845930399336171557,BmeD-sEhwgl,38458109_532248697204807_2247779814490505216_n.jpg,0.7552,1,A plate full of happiness a.k.a Pav Bhaaji. ⚫⚫⚫⚫⚫⚫⚫⚫⚫⚫⚫⚫ Pav Bhaaji is a Maharashtrian snack but is popular al
1844927691858525295,Bmaf_X9gjxv,38210448_503405340080848_7106058322201018368_n.jpg,0.755,1,#pavbhaji #deliciousfood
1845082309936449406,BmbDJXRHod-,38165392_1553989504705720_8381845256164868096_n.jpg,0.7548,1,Butter pav bhaji😍 utterly butterly delicious 😋😋😋 . Follow @homekitchen_diary for more Awe Mazing food updates 
1842139390541831464,BmQmAQAAB0o,38278600_457941334686990_6038698347156471808_n.jpg,0.7533,1,Cheesy pav bhaaji craving happened right now. This we ate at the churchgate khau Galli with @thehungrymumbaika
1844459435131227581,BmY1hV5nU29,37872779_433533363817520_7216527500984188928_n.jpg,0.7513,1,Pav Bhaji #desi #desifood #hisar #haryana #pavbhaji #lover #taste #mouthmelting #instafood More posts on- @rcb
1847690442114431829,BmkUKrpHXtV,38628730_1351368991566217_6195325264591847424_n.jpg,0.7513,1,Pav bhaji is forever love 😍 . . . via - @chatori_zubaan . . . #repost #cafe #friday #friyay #tgif #breakfast #
1847059218814483423,BmiEpLIjDvf,38782325_889392667919938_1904394241417674752_n.jpg,0.7498,1,It’s actually made with 1 spoon of oil & 2 spoons of butter. Streeet style Pav Bhaji for you and your family. 
1842437491547608555,BmRpyMMjpXr,37931953_261381837808689_8945239038621646848_n.jpg,0.7498,1,#throwbackthursday Yummy pav bhaji at Shivsagar restaurant! #pavbhaji #shivsagar #mumbai
1844390697308714825,BmYl5E0HvdJ,38081423_2290987140972629_4368468342646767616_n.jpg,0.7496,1,Todayz dinner😍 . Masala pav bhaaji🌶🥘😋😘 . . #spicy🌶 #buttery😋😋😋 #pavbhaji #dinnergoals😍 #yummyfood😋
1842190333249860387,BmQxlkGBDMj,37886039_1906260762767587_5096582362947387392_n.jpg,0.7494,1,Pav bhaji 😍🤤 I love Pav bhaji❤️what’s your favorite? . . Follow @copperkettleofficial . . #pavbhaji#indianfood
1841913994032203977,BmPywTJHEjJ,38072678_2147253568862807_5601742960170369024_n.jpg,0.749,1,ReMPresent - reliving Srinathji waale streetside Pav Bhaji 🍞🇮🇳 . . . @pavbhajihut . . . #purebachpan #streetfo
1844550772652323420,BmZKSemHTJc,38022176_406490796545996_8470725017330515968_n.jpg,0.7486,1,Who is excited to eat this on the 18th? Chilli cheese pav bhaji subs... look at the cheese pull on this biiiii
1849962218902145720,BmsYtYpjkq4,38618276_2089245347991843_6362789531271299072_n.jpg,0.7485,1,Pav Bhaji😍😍😋 . Follow @street_food_chandigarh And use #streetfoodchandigarh . . #picoftheday #foodholic #delhi
1850142320605683376,BmtBqNbnl6w,38826845_221538735181057_3912917579381267105_n.jpg,0.7482,1,Picture credit : @khaana_bazaar . 💙💜💛💚 . How about having some pav bhaji?? What say guys? 😜 . 💛💚💝💙 . #photooft
1845710377122167299,BmdR88annoD,38421691_2332902873388357_8031578685922344960_n.jpg,0.748,1,"Pav bhaji is a fast food dish from India, consisting of a thick vegetable curry, fried and served with a soft "
1849941685142596357,BmsUClGHKsF,38789050_707496396263664_2191146049307934720_n.jpg,0.7471,1,This pav bhaji was lit😍 and guess what it had no onions & garlic😨😨 This pure vegetarian restaurant @vega.pure.
1848502409406273333,BmnMyXHHVc1,38465753_290902264826021_37866652179628032_n.jpg,0.7468,1,Taste p best Pav bhaji be the best . . . #instafoodie #foodporn #food #love #pavbhaji #foodlover #desi #instap
1843860398315874439,BmWtUNZByiH,37962474_1879537625461386_1033233994566598656_n.jpg,0.746,1,#pavbhaji #bff #crazyfriends #party #bhookadclicks #sistaslove
1847242281284018957,BmiuRFWBCMN,38624321_216475605882434_1535061430879911936_n.jpg,0.746,1,Pav bhaji #pavbhaji #mumbaifoodie #streetfood #mumbaistreetfood
1844941754051506722,BmajMAZhrIi,38669201_244022339772217_3907088309871968256_n.jpg,0.7455,1,Pav bhaji😋 #pavbhaji #tasty #yummy #yum #delicious #vscocam #vscofood #feedfeed #foodgsm #foodporndaily #foodc
1842718369793419327,BmSppgcn6g_,37820316_280503759400024_1194985757173874688_n.jpg,0.7451,1,Kulhad pav bhaji anyone 😋😍 @chaayos . . . Ab @_foodiesoul_08 ko follow bhi karlo . . . #pictureoftheday #nomno
1841533378961386084,BmOcNnvBKpk,38072595_528782304230392_6769612626004541440_n.jpg,0.7451,1,Yesterday's lunch= Pav Bhaji. So easy to make and so tasty. Plus it was leftovers so no cooking at all. #pavbh
1843901110085876994,BmW2kpLnf0C,38068684_247907972726169_7981096297455157248_n.jpg,0.7449,1,Yummy paav bhaji....spicey bhaji with yumm ghee roasted paav ... delicious coffee time snack 😎😋😋👌👌👌👍👍 ° #pavbh
1849090564264676176,BmpShJAhctQ,38181196_241958656524737_3270472773901746176_n.jpg,0.7441,1,"One of the Favorite Pavbhaji since college days @Amrut Sagar restaurant, hill road, Bandra. #pavbhaji #pavbhaj"
1843718317561104645,BmWNAqYHEkF,38236444_228509294476661_5775445142861250560_n.jpg,0.7437,1,"Пав Бхаджи ❤😋Jalgaon, Maharashtra, India. #pavbhaji #streetfood #india #jalgaon #maharashtra #food #photograph"
1847060230532167775,BmiE35Xnvhf,38732517_233015884078788_5942983016690221056_n.jpg,0.7396,1,It’s actually made with 1 spoon of oil & 2 spoons of butter. Streeet style Pav Bhaji for you and your family. 
1855257669445379448,Bm_MwVSHGV4,40061401_397177667478885_8004639220817723392_n.jpg,0.7396,1,#pavbhaji #amazing #100000likes #likeforlikes #nofilter #bestoftheday #quotes #5000000followers likes #life #i
1841844948045671469,BmPjDjDnCwt,37305276_1885208004873298_8817097950611111936_n.jpg,0.7395,1,Any pav bhaji lovers out here?? Mention in the comments below😋 . . . @pune_ig @delhifoodguide @puneriguide @ma
1843203046710857352,BmUX2fAHk6I,37937058_265591514238338_8212473040458481664_n.jpg,0.7392,1,Here comes everyone’s favourite dish from maharashtrian cuisine . . . PAV BHAJI ❤️😍😍 . . Pav in air ❤️ Dhoka h
1846544339006694424,BmgPkr8gKQY,38644286_650850708634878_1895466696626405376_n.jpg,0.7385,1,Pav bhajii yumm 😍😍😍😘✌️ With onion rings chopped coriander and a big blob of butter . #Repost @foodymasti (@get
1843665407397660502,BmWA-t8nQdW,38484577_225073918203071_5802309832585248768_n.jpg,0.7382,1,#paobhaji #pavbhaji #mumbaifoodie #mumbaistreetfood #streetfood #food #foodblog #foodphotography #recipes #you
1844072077700026337,BmXdcjLhs_h,38039082_518634928560750_106021418025615360_n.jpg,0.738,1,❤Tag someone who loves Pav Bhaji❤ . . It's savoury 😜 it's tasty😋 it's Pav Bhaji😍 . . . . Delicious Homemade Pa
1848063330344132491,Bmlo863ll-L,39265310_711598139185488_4761740845625901056_n.jpg,0.7376,1,Pavbhaji😋😍 . . . . . #pavbhaji #foodie #foodporn #food #indianfood #streetfood #foodgasm #mumbai #foodphotogra
1845151197353096587,BmbSzzrHjWL,39016309_2200967763467365_8870360080566976512_n.jpg,0.7369,1,"Garma-garam Pav Bhaji, right out of my kitchen! ❤️ . . When you crave for one of the most famous street foods "
1852350551716821986,Bm03wM6lHvi,39850950_2282296832017507_3128413797123883008_n.jpg,0.7368,1,"Pav Bhaji Evenings 👅🍞 This one I had at the Pradeep Bombay ki Mashoor Pav Bhaji, Mayur Vihar in Rs 80. . . . F"
1841826100871716821,BmPexSQgF_V,37820742_2254256881476091_865756241689837568_n.jpg,0.736,1,Pav bhaji is the most common street food of India and I guess almost everybody likes it. It's the most famous 
1849254178661395827,Bmp3uCyhO1z,38492139_2194516700820594_8070112840444280832_n.jpg,0.7353,1,You know what's magical about Pav Bhaji. . . . . . . . . . . . . . #food #foodpic #foodblog #foodblogger #food
1841886165076850820,BmPsbVaHLiE,37811229_2043537529308925_1121588640145735680_n.jpg,0.7343,1,Happy Wednesday to everyone!! And Happy 1.5 yrs of marriage to us👫❤️ #pavbhaji #onmyplatetoday This my 100th @
1851328611903122752,BmxPZBTAK1A,38751552_291104781669506_7622445452834635776_n.jpg,0.7341,1,"This place in Mumbai serves CHEESY Bhaji with buttery Pav!😍😍 Where: Achija Pav Bhaji ,Ghatkopar,Mumbai Price: "
1850193088243057530,BmtNM-enEN6,38920091_1054806781363266_2755272080739008512_n.jpg,0.733,1,Pav bhaji from singla’s Price: 90₹ (one plate) . TAG A FRIEND WHO LOVES PAV BHAJI! . SNAPCHAT:Pragyaaa18👻 . Fo
1849177083706597327,BmpmMKhH9_P,38879270_2112973072354014_7798484793519243264_n.jpg,0.7327,1,"Breakfast scenes 😍 Pavbhaji 😋 Tag a pav bhaji lover Jhakkas pav bhaji , Subhash Nagar , Near sardarji malai ch"
1846543495842851615,BmgPYasBWsf,38660635_268691573738658_6682310161513578496_n.jpg,0.7327,1,#pavbhaji#loveforfood#foodgasm#randomclick📷#foodphotography#snackscenes#yummy#indianfoodie#foodphotography
1843004356077585301,BmTqrJ7gIOV,37917792_688044238242674_8109442878175969280_n.jpg,0.7323,1,"PAV BHAJI!!! It’s spicy, it’s junk’ it’s healthy but we all love it .. #indianfood##indianspices#mumbai#shivaj"
1845490967300174348,BmcgEHGHnIM,38081050_1099625636851633_858827420059303936_n.jpg,0.7318,1,Delicious pav Bhaji😋 . Tag all pav bhaii lover 😍 . Follow: @indiaeatmania to stay updated . . #foodmaniacindia
1845058165817906282,Bma9qBTgpRq,38226967_466246760522475_1291323656034582528_n.jpg,0.7296,1,"Cheese paav bhaji 😋 . . . Place - Cream Craver , camp. . . . #khalipetpune #creamcraverpune #pavbhaji #love #p"
1851685357181854189,BmyggWOneHt,39907521_2136850793246307_7809864983679860736_n.jpg,0.7294,1,Cheese butter Pav Bhaji Dosa- Street style at Hiranandani Kharghar. #streetfood #street #food #pavbhaji #bhaji
1849189629733660458,BmppCu6nGcq,38225641_148087819432446_2036765412663243528_n.jpg,0.7292,1,I love this pav bhaji couple!♥️They are the best together Look at this couple aren't they cute? . This pav bha
1842205384159142495,BmQ1AlWHiJf,38013179_219494815357383_7098105176640192512_n.jpg,0.7289,1,"The next time you are in Gurgaon, do visit this amazing Pav Bhaji vala. You will smell the Pav bhaji of this p"
1841464787965205983,BmOMnfZDl3f,38738838_364107180791397_4485021334014787584_n.jpg,0.7284,1,Pav Bhaji is one of the most popular street food and my personal favourite too. . . . Comment if it is your fa
1849259907176255723,Bmp5BZ4nNDr,38772314_518963841879249_5708823753354379264_n.jpg,0.7282,1,"Legendary place(1958) and their Famous Street style Pav bhaji , Surely lived up to it's hype! Price- Rs100/- Y"
1852277882858880109,Bm0nOuxHbxt,39783672_2213796305564391_6917998394552090624_n.jpg,0.7279,1,My favourite dish forever 🔥🔥🤩🤩🤤🤤 Pavbhaji🤤🔥🔥🤩 #pavbhaji #pavbhajilove #amulbutter #delhicious #delhigram #indi
1842327306318028640,BmRQuyNFp9g,37824915_529356250853457_8996281246011097088_n.jpg,0.7269,1,Place -Canon Pavbhaji #mumbai #mumbaifoodscenes #foodie #food #foodatory #foodstory #foodscenes #my_food_tales
1841922134612749663,BmP0mwpha1f,37929432_1771623706278106_8139882608482844672_n.jpg,0.7267,1,Buttery Pavbhaji😍 . . #streetfoods #indianfood #foodstagram #instafood #foods #streetfood #foodblogger #health
1844381684552766730,BmYj17CARUK,39118884_522524968191084_2459118009617219584_n.jpg,0.7263,1,"When there's a heavy downpour,and you feel lazy and don't want to really cook anything,and you see pav bhaji. "
1847135309026714598,BmiV8bqnmPm,38068691_2125446734365053_654927360964952064_n.jpg,0.7255,1,"Craving for some masala stuff..it cannot be better than "" Pav Bhaji "" from #thesweethouse Follow @asian_indian"
1826000656302706137,BlXQewejY3Z,36848355_187489742110497_7922878806031859712_n.jpg,0.7253,1,देसी स्टाइल पाव भाजी/Desi Style Paav Bhaji 🇮🇳 ❤️ 🏠 ❤️🏠❤️🏠❤️🏠❤️ _______ Good Afternoon Instafamily ❤️ _______ क
1846955589331254844,BmhtFKqAv48,39092989_602372243497587_4313004376231772160_n.jpg,0.7241,1,"Pav Bhaji for the soul. ❤️. . . Nothing is more satisfying than street food but, sadly chandigarh lacks good s"
1842978272884290393,BmTkvmEB_NZ,38184084_1000271213488305_4601556930765258752_n.jpg,0.724,1,Quick fix to mood swings & cravings & all that 🎯 . . . . . . . . Buttery Butter Pav Bhaji 🐝 #indianfood #homem
1846425172513656782,Bmf0elgBA_O,38747390_218801022129704_5778242772888715264_n.jpg,0.7237,1,"Delicious pav bhaji but 6 baby pavs could not fill my not so baby tummy, imagine sharing those tiny pavs with "
1842203699357653786,BmQ0oEQH5sa,37836275_885233995004219_6185107137962704896_n.jpg,0.7233,1,Tried Pav bhaji today @boxofficecafedelhi !! Amazing presentation and quantity but the taste seems to lack som
1848585586210933138,BmnfsvjAomS,38938330_255402501965090_7833221483986944_n.jpg,0.7214,1,"Pao Bhaji from Ziya, @theoberoimumbai by @chefvineet #Ziya #theoberoimumbai #michelinstar #Oberio #Newmenutria"
1848843679689491856,BmoaYf1HkWQ,39245168_1914890532148596_5549384225045610496_n.jpg,0.7205,1,#tasty #food #pavbhaji #onionrings #pickle #lemon #foodie #foodporn #instapost
1847636569893542859,BmkH6vOhpvL,38721605_295435261007611_3799148007832682496_n.jpg,0.7205,1,Pav bhaji Indian food 😋 #foodie #food52 #pavbhaji #spicymemes #hungryy #testy
1842647267263040133,BmSZe1DjsqF,38009224_674935182856823_2728064016969629696_n.jpg,0.7198,1,#Pavbhaji
1845125184663908944,BmbM5ReBPJQ,38299408_1805451212872401_2314208841002123264_n.jpg,0.7195,1,Ho gaya yeh dil razzi! To ho jaye garma garam pav bhaji?? #pavbhaji #lazycooking #45min #tasty #yummy #dinner 
1842900531224629548,BmTTETgBdEs,37862561_661232630906983_8828131408061923328_n.jpg,0.7195,1,"🍲Pav Bhaji🍛 🥘Place➖ Supraja PavBhaji 🗺️Address➖Dawat Chowk, Solapur 🥔🥔🥔🥔🥔🥔🥔🥔🥔🥔 Solapur's Famous Pav Bhaji Pav "
1844071255575903998,BmXdQlhHD7-,39011796_1929933743725662_3914654775232167936_n.jpg,0.7194,1,Pav Bhaji.. Breakfast this morning . #indianfood #pavbhaji #mumbaistreetfood #eattherainbow #healthylifestyle 
1842238354473966372,BmQ8gXWBVsk,37898242_295422224371023_5177096051806437376_n.jpg,0.7191,1,Zindagi mai agar #pavbhaji ni khaya toh kya khaya😒😝 #pavbhajilove 😍 Follow @re_jatin for more updates. #foody 
1846402216846353159,BmfvQiXnuMH,38928405_1063076160521954_7368033112300716032_n.jpg,0.7189,1,I love Pav Bhaji! ❤️ . . . . . . . . . . . . . . . . . . . . #pavbhaji #pavbhaji😋 #foodporn #foodblogger #indi
1843304688856637609,BmUu9koHKCp,37952103_245375289635445_7738556758355869696_n.jpg,0.7186,1,PAV BHAJI! 😍 Parae desh me aake desi khana milna is like jannat! 😍 Pesh karte hue garam garam Pav Bhaji. 😋 Pav
1845137076724292249,BmbPmU0DdqZ,38425172_2157866594491129_5840356594218434560_n.jpg,0.7182,1,"Pav Bhaji Recipe... this is vegetarian Indian fast food recipe, very popular in Mumbai... this is my version o"
1848581758052980332,Bmne1CTA9Zs,38149979_2191290547816808_2369259846311608320_n.jpg,0.7178,1,#pavbhaji #love #pav #foodie
1843378939840352899,BmU_2EPntKD,38928403_436835473475168_6444031182727282688_n.jpg,0.7174,1,When the craving for #pavbhaji hits you on a weekend #foodphotography #foodporn #latepost✌
1843002035838976965,BmTqJZCgQPF,38957751_1014610725382804_5449102721573453824_n.jpg,0.7173,1,#pavbhaji #homemadefood #myrecipe #foodlover #foodie #mycooking #foodtalkindia #food #instafood
1851717391027651557,BmynygEncPl,39509269_269447330448101_8009663434905878528_n.jpg,0.7169,1,"This place in Mumbai serves CHEESY Bhaji with buttery Pav!😍😍 Where: Achija Pav Bhaji ,Ghatkopar,Mumbai Price: "
1843313373035719311,BmUw78ZhWqP,38704449_218339888844025_2665800181022195712_n.jpg,0.7163,1,"Beetroot Pav bhaji for the breakfast, weekend starts with good note and yummy breakfast..😊 happy weekends to a"
1847288753350450832,Bmi41V1Bx6Q,38636617_302764517140470_5904813397517533184_n.jpg,0.7162,1,"Pav bhaji is a fast food dish from India, consisting of a thick vegetable curry, fried and served with a soft "
1849073183170071737,BmpOkNmjYy5,39113257_1084483928370253_2815930028414468096_n.jpg,0.7157,1,"Pav bhaji is a fast food dish from India, consisting of a thick vegetable curry, fried and served with a soft "
1845873492857642054,Bmd3ClyFtxG,38835561_1769908573126345_7042082383440379904_n.jpg,0.7153,1,Pav bhaji requires no quote so get on. #love #pavbhaji #portraitphotography #insta #evening #snack #notime #de
1848696553571360458,Bmn47h9HB7K,38656283_682146515488084_5610772643578904576_n.jpg,0.7144,1,One of the tastiest pav bhaji in Mumbai at Prithvi Cafe! . . Follow @uncoveringtastebuds for more food craving
1843429959043766685,BmVLcflHdmd,37914891_936433359873476_8438506917160026112_n.jpg,0.7133,1,Foodie always tries to find new dishes and here is all time favourite dish served in a new style..😍👻💞 . . . 🍽 
1847255399818592693,BmixP-7nAG1,37942895_2180680655546795_3829661650231754752_n.jpg,0.713,1,Butter Pav Bhaji . . 📍 Cannon . . Price :- ₹ 90/- . . It’s one of the oldest and popular place is Mumbai for P
1845869625047219660,Bmd2KTmn33M,38295183_464109583999589_2362878804810006528_n.jpg,0.7127,1,Panner #pavbhaji ✌️✌️✌️#justlikethat #itsraining
1848667152993655745,BmnyPsiHpvB,38775228_732081763790274_4002500450006859776_n.jpg,0.7125,1,Metro se utre aur ram ram Kiya hi Tha ek dusre ko...🙏🙏 Ki samne haldiram dikh Gaya socha pehle yahi prasaad gr
1844030685801607871,BmXUCN-H_K_,38080993_831999503663202_1177404549065867264_n.jpg,0.7121,1,Pav Bhaji😍 Popular Indian street food where buns are served with spicy mashed veggies topped with dollop of bu
1844411362468381776,BmYqlyvn0RQ,38744472_254631378493988_7401035825686773760_n.jpg,0.712,1,Evening Snack Pav Bhaji #pavbhaji #pav #bhaji #food #foodpic #foodporn #foodie #eat #vegetarian #pune #snack #
1847973034401487385,BmlUa8OAFoZ,38938307_893092480887680_273533951547539456_n.jpg,0.7115,1,"Hello friends, Pav Bhaaji khaa lo.. 😋😋 . . Follow:@petu_jatya . . #pavbhaji #breakfast #chefmode #foodofindia "
1850188692929477218,BmtMNBBgXpi,39128039_852960901565735_3045711968456409088_n.jpg,0.711,1,Missing this 😍😍😍 #pavbhaji #sardarpavbhaji #mumbai #streetfood #placestovisit #
1844961810701523839,Bmanv3nBpt_,38938409_219650275396660_6890458901041381376_n.jpg,0.711,1,Pav Bhaji kind of a day. Accompanied by mum’s special kala khatta 😋 Just realized that August 13th is celebrat
1842694387853432247,BmSkMhhnBW3,37898255_668748070158047_8824030251165155328_n.jpg,0.7108,1,Pav Bhaji from the Mumbai counter at Streets Of India food festival @hotel_saharastar This is one amazing food
1847373676842665581,BmjMJI_nUZt,39322773_1984323451588771_4744148998883901440_n.jpg,0.7105,1,When you are tired of having junk food and then you decide to go home and have something homemade but when you
1843412525301688601,BmVHezJHOkZ,38081756_2094101010918295_6325821051242545152_n.jpg,0.7098,1,Life saviour : homemade pav bhaji ❤❤ . . . . . . . . .#foodporn #footfetishnation #food #pavbhaji#homecoming #
1849581968325562664,BmrCQAtA1Eo,39104633_270852650196325_8044740815064399872_n.jpg,0.7087,1,Pav bhaji is iconic dish from Mumbai but hugely popular all over India..Pav is bread & Bhaji is mashed & spice
1842716226856403252,BmSpKUrn8E0,38265296_2221929714488676_7572866274514960384_n.jpg,0.7083,1,Buttery Pav Bhaji Delights 😍 🎥 Credits - @indiafoodstation ❤️ #indiafoodstation#pavbhaji#mumbaifood#banana#ind
1842892841773414250,BmTRUaJA7dq,38419353_2134374723476268_1628025976526995456_n.jpg,0.7078,1,Cheesy Pavbhaji 😍😍 . . Pavbhaji in a different style 😋 . . Perfect blend of taste making it more sizzling#soul
1849428593919216444,BmqfYHqAUs8,38941449_1761561077292634_6681417744618881024_n.jpg,0.7074,1,#mumbai #sardarpavbhaji #pavbhaji #foodporn #foodphotography #foodlovers #mumbaifood #instafood #instagramers 
1848342128146942915,BmmoV9jlovD,38900306_271078093720385_1001581388129396049_n.jpg,0.7068,1,Some random food cravings? Let's eat some #pavbhaji 😅 . . . #pavbhaji #streetfood #shivsagar #punestreetfood #
1844463150445836439,BmY2XaDnziX,38097459_2056947457657963_3803889763396616192_n.jpg,0.7055,1,Trying true indian food..😘😘👌 . . . #foodporn #foodie #foods #pavbhaji #butter #cheese #spicy #yummy #indianfoo
1850876684759024552,BmvoonWHUOo,39264489_268564750416691_1241179410342608896_n.jpg,0.7054,1,Makhan Pav Bhaji ♥️ Tag someone with you would like to have this 😍 Also follow us at @_worldthroughlenses_ #fo
1844107052583284642,BmXlZgFBO-i,38081411_277861852946035_2506498211925983232_n.jpg,0.7048,1,#pavbhaji 😍😍 #indianfood 😇 #homemade 😍 #foodies 😎
1842464923712846645,BmRwBYZBXs1,38072703_303269710248573_8646384901949489152_n.jpg,0.7045,1,Rainy day= pav bhaji for dinner :) #rainydays #pavbhaji #mood #homemade #allfromscratch #indianfood #foodislif
1842727903135860528,BmSr0PEHQcw,38771615_687396741618071_7123662924995887104_n.jpg,0.7038,1,Pav Bhaji: From the beaches of Juhu to Chowpatty in Mumbai you will see vendors hawking their versions of pav 
1847308351982135205,Bmi9Siegeel,38254414_2204359223120321_6868916405941567488_n.jpg,0.7038,1,One thing we can’t be bored with “pav bhaji” Yummy delicious everytime 😍 Tag your friends who love 💖 pav bhaji
1843667631291691206,BmWBfFHBvDG,38618384_319268911978644_2223417742080344064_n.jpg,0.7034,1,#pavbhaji#food#foodlover#foodtalkindia#foodphotography#vegetarian#foodblogger#foodie#foodgasm#foodgram#eatingf
1854521842577237512,Bm8lcpHBOYI,39322099_727642110906565_5695328686937473024_n.jpg,0.7033,1,Pav Bhaji - Creamy potato & veggie slurry with crunchy buttered pav bread is a lip smacking street food of Ind
1847734447986827898,BmkeLDTgeJ6,38240846_1450375008439625_5212997142267822080_n.jpg,0.7025,1,Shot by one plus 6 Location:sita ram Bazar road Place:new Ashoka sweets Pav bhaji Price: 80 Rating:3.5/5 #food
1843478343887845420,BmVWclej3gs,38048323_718710065127040_3878628842956390400_n.jpg,0.7018,1,Regrann from @rasoidehome_sukhjitgill - Here comes everyone’s favourite dish from maharashtrian cuisine . . . 
1843184246546982497,BmUTk5_B2Zh,38493912_1810428235672618_3572466046335975424_n.jpg,0.7015,1,When you're missing Mumbai nothing better than an authentic pav bhaji to appease the mind and belly! #mumbaifo
1841924706853255272,BmP1MMPAPho,38154306_646420552424519_1820234692260003840_n.jpg,0.7005,1,📽@gastronomicjournal masala pav with bhaji #pavbhaji #india #indianstreetfood #indianfood #foodbloggers #foody
1846610924557691926,BmgetoknewW,38989717_358256138048022_5611209746695585792_n.jpg,0.7002,1,Pune special #pavbhaji #food #spicy #alltimefav
1844157263042789663,BmXw0KNn0Ef,37895383_1781875658567990_4676567314819186688_n.jpg,0.6998,1,Homemade Pav Bhaji Party 👆👆 #pavbhaji #recipes #sundayfun #cooking #saltytooth #indianrecipes #letscook #youtu
1848482466539445870,BmnIQJ3nx5u,38651971_246392479350047_8072670046792450048_n.jpg,0.6998,1,#pavbhaji #yammie #tasty
1847254273639767505,Bmiw_mGHt3R,38931405_258941661387766_7013221848183734272_n.jpg,0.6988,1,How does a piping hot Pav Bhaji in this cold weather sound to you?! 😋 . . . Audumbar is my most favorite Pav B
1848507325600497201,BmnN55rH_4x,38618463_235429340498308_6921723213529481216_n.jpg,0.6985,1,"Who's up for some delicious Pav Bhaji? 😍🔥😍 . . Had it at the legendary Vega Restaurant, CP. The taste was very"
1844084477010278945,BmXgQ-8Anoh,38081869_1890742214566389_1636195837547642880_n.jpg,0.6979,1,"My Version of 'Cheesy Pav Bhaji'❤️💯 If you wanna Have it, Comment AWESOME. Tag your college friends😊😊 . Who Wa"
1848356986528109542,BmmruLgHpPm,38458092_691112877888431_4325632198557302784_n.jpg,0.6976,1,#pavbhaji #indianfood #india #foodtruck #streetfoods #foodie #bayarea #california
1841898792264080140,BmPvTFZHxsM,37825809_679038309142631_5683688200283881472_n.jpg,0.6962,1,#dasterkhaanfeatured post of the day ❤️ Use the hashtag #dasterkhaan in your posts to get featured ❤️ 〰️〰️〰️〰️
1841784960948897306,BmPVanuBAYa,38033247_242820796346338_5431304076451119104_n.jpg,0.6958,1,Yummiest Pav Bhaji in the world by the one and only “The Husband” @sunkimunki #husbandandwife #love #happines 
1844116939471966460,BmXnpX9gdD8,38773365_1776255235743964_3386494683973681152_n.jpg,0.6953,1,Street Style Pav Bhaji. Recipe link : https://youtu.be/eD1n9uHaUJg (Copy and Paste link into Browser) #arbiter
1848950547550659550,BmoyroSBWPe,38627250_324980391572776_474182329556795392_n.jpg,0.6952,1,Pav Bhaji perfect weekend Food#tasty #pavbhaji #butter #veggieworld #unique #flavours #typical #mumbaistreetfo
1849221944497336060,BmpwY-Ynu78,38785402_586877961784496_3384750429035298816_n.jpg,0.6945,1,😛😋Pav bhaji ❤ #pavbhaji #indianfood #india #yummy #buttery #foodtrucks #foodfeedon #foodie
1850075441228699612,Bmsyc_KHFfc,38206219_726815107650963_5368262125573636096_n.jpg,0.6943,1,"No matter how many times you eat pav bhaji, you’ll still drool over it when you pass a pav bhaji vendor 💕 Ever"
1845574238100963075,Bmcy_3Enr8D,38673951_255026501791551_2462829080404295680_n.jpg,0.6939,1,"PAV BHAJI...One of the most popular street foods of India, Pav Bhaji is notorious for being loaded with butter"
1849251200656319075,Bmp3CtTlaJj,38618379_993080837531497_6936469270408270506_n.jpg,0.6909,1,Pav bhaji at its best 💯
1844372905832515115,BmYh2LNgIYr,38430007_1928582100776038_893408967718338560_n.jpg,0.6903,1,Memories with loved One... !! 😊😊 〰️〰️〰️〰️〰️〰️〰️〰️〰️〰️〰️ #hunger #juhubeach #pavbhaji #hogging #gola #roseflavo
1842822165478436715,BmTBP7tju9r,38080752_297218064380740_6854858144758104064_n.jpg,0.6902,1,Those Birri tomatoes though🤯😍 #pavbhaji #birrijeantalon
1844138421683803141,BmXsh-1HNQF,38532070_314983359257462_6115692254481874944_n.jpg,0.6898,1,Pav bhaji #foodlover #streetfood #indianstreetfood #pavbhaji #pavbhaji😋 #eveningeating #evening_click #randomc
1852265507774756954,Bm0kapkn3ha,39276567_1342282245902379_3421591176736669696_n.jpg,0.6898,1,Tag a Pav bhaji lover 👇🏻 😋😋
1840489536796079286,BmKu3t9jbS2,37931943_289658101841540_4425544407856447488_n.jpg,0.6893,1,Butter Pav Bhaji... So this is mixed vegetables with a bread both bread and vegetables are loaded with butter.
1844317460648623894,BmYVPV3Av8W,38235953_210990469764232_5866375476032831488_n.jpg,0.688,1,#sundaydelight #pavbhaji 😛
1841980652335809278,BmQB6ThnkL-,37997167_250167209148530_7166617545758212096_n.jpg,0.6875,1,The perfect street style Pav bhaji recipe! By Chef Nikita . .💥 #Chef #chefNikita #PavBhaji #PavBhajimasala #In
1846175109258520056,Bme7nr8haX4,38641407_232332267473512_3158571580007645184_n.jpg,0.6872,1,"[ Pav Bhaji ] A fast food dish from India, consisting of a thick vegetable curry, fried and served with a soft"
1843682747044663563,BmWE7CwHREL,38081314_231078510939040_6668263943418413056_n.jpg,0.6871,1,#nocaptionneeded #pavbhaji 😘
1841488277954592931,BmOR9UJh4Cj,38147298_1626612397466842_5280366448789684224_n.jpg,0.6858,1,"What? Chowpatti in a bowl.🙌🏻 Yes, it's our all time fav ""Pav-Bhaji"" yet tasted so different with much improved"
1852880472944646579,Bm2wPkhH5mz,39067348_314325169127935_6578902466690461109_n.jpg,0.6853,1,Food :: pav bhaji!!!😍😍😍😍 . Follow :: @foodiesince93 . #pavbhaji #yummyfood #foodvideos #foodcoma #foodart #foo
1847285997264909654,Bmi4NPBhzVW,38236179_1128189080670277_4620436760889917440_n.jpg,0.6848,1,#100happydays Day84 #pavbhaji #eveningfood #food #foodporn
1842063038757312469,BmQUpL3AZfV,38476238_2106060222939117_1371306443986173952_n.jpg,0.6846,1,"Had this evening snack, from 'ARJUN PAV BHAJI ' at D -2/4, model town with pav toasted in butter, bhaji being "
1842862554712831962,BmTKbrHhvfa,38023378_519268478505006_7944613346299346944_n.jpg,0.6836,1,Hurry up guys...!! Last day to book your order for PAV BHAJI & Veg Pulav..!! We are taking order today until 6
1845103700517823407,BmbIAozH6Ov,38482544_226364308067655_626661725923442688_n.jpg,0.6832,1,Stick pav bhaji #food #foods #foodporn #foodie #foodgasm #pavbhaji #pavbhaji😋 #tasty #tastyfood #tasty😋
1850634494136824870,BmuxkRwHDQm,39085087_2124448801212285_7166656286363222016_n.jpg,0.6831,1,Pav Bhaji . Street styled pav bhaji some chopped onions Tag all Pav bhaji lovers . Location : Mazgaon Khau Gal
1848690682930015921,Bmn3mGfni6x,38882783_252040195444840_1154666373725552640_n.jpg,0.6816,1,चौपाटी की पाव भाजी नहीं खाया मुम्बई मैं तोह खुद को मुम्बईकर मत बोलो 😂😂 Pav bhaji at Girgaon Chowpatty . . .#ma
1846683423437780964,BmgvMoanHfk,38776803_1068919419944231_540653420978110464_n.jpg,0.6804,1,Homemade #pavbhaji made in pressure cooker just in 20mins
1848699123504858587,Bmn5g7ZFUXb,38802751_2088743691200320_4477669080148475904_n.jpg,0.6804,1,Love towards pav never fades..🥪 #pavbhaji #foodiegram #foodporn #foodgasm #food #foodstagram #foodlife #foodie
1844348327128147852,BmYcQggjyeM,38467923_2616396641719200_699533409537490944_n.jpg,0.6801,1,"Pavbhaji ❤️ #Tastystories #foodcravings #foodgraphy #Raining #Pavbhaji #tapasya At Tapasya, Samarth T, KarveNa"
1841627371847211827,BmOxlZbltsz,37862057_2133965100152793_829100070208012288_n.jpg,0.6799,1,Indian vegetarian dish: pav bhaji. #comfortfood #pavbhaji #indian #vegetarian #smoothie #berries #streetfood #
1842590253249052117,BmSMhKngb3V,38704805_541043789663162_2249108810515873792_n.jpg,0.6799,1,#morning #happiness #breakfast #pavbhaji Where do you get the best pav bhaji in delhi? This one we had at loca
1844244470473054501,BmYEpMdhlkl,38436449_951526621698157_8217036937131720704_n.jpg,0.6797,1,#foodcravings #pavbhaji #loveit
1850268654424392744,BmteYm-AYQo,39156975_895654197294345_1845256059329970176_n.jpg,0.679,1,The ultimate #butter #pavbhaji Perfect with a chilled can of #cocacola
1849170069864352920,BmpkmGXjIyY,38726614_680642732314029_1452161638579830784_n.jpg,0.6789,1,"1. Pavbhaji😋😍 comment and tag anyone who will not say """"NO"""" to this Buttery pavbhaji... . . . @foodiesince90s"
1847361940995535636,BmjJeXInXMU,38904431_1836374989789359_748037776586309632_n.jpg,0.6788,1,In an effort to eat more greens I added spinach to my pav bhaji. I might be a genius. . . . #delicious #desili
1850710519611337904,BmvC2l_gyyw,39312132_536378193485494_6092228203898732544_n.jpg,0.6786,1,"Another day, another delectable dish to begin with.. PAV BHAJI ,to make my Tuesday awesome.. Such a mesmerisin"
1845590986182672264,Bmc2zk8FL-I,38708036_406870293050741_1501315138395832320_n.jpg,0.6781,1,Pav bhaji is so much more than a snack!😍 Thank you Doon Foodtales for this lovely pic. #PavBhaji #IndianFood #
1847901489148479021,BmlEJ0gnEYt,38901484_320892678481469_3517105197790789632_n.jpg,0.6779,1,🍞 PAV BHAJI 🍞 . . . 🌸 A spicy curry of mixed vegetables(bhaji) cooked in a special blend of spices and served 
1844208853946165553,BmX8i5_F2kx,38422280_220280038652072_6478289070240825344_n.jpg,0.6775,1,Pav bhaji #delicious #retreat #lunch #sundaylunch #deliciousfood #pavbhaji #pavbhajispecial #badshahmasala #pa
1845070335448623720,BmbAbHKBqpo,38291317_566050217175316_904434565378998272_n.jpg,0.677,1,Pav Bhaji ❤️ #foodie #pavbhaji
1850344412866337841,BmtvnChBtwx,38941463_236777933844905_5014193237963833344_n.jpg,0.6759,1,He got a booboo 💔 so I took him out for pav bhaji. That did the trick. . . . . . . . #roommates #friendslikefa
1849240912834379955,Bmp0tABnMCz,38646629_256005615021874_2006501260609454080_n.jpg,0.6749,1,MAJORLYYYYYY craving some good pav bhaji right now!🤤🤤 . . . #zomato#pavbhaji#desi#foodstagram#foodgrams#zomato
1846749086020256824,Bmg-IJdg8Q4,38837933_697006277309550_3016130776342200320_n.jpg,0.6746,1,How amazing is this? Pav bhaji @chaiiwala #pavbhaji #indianfood #indianstreetfood #indiansnack #latenight #lat
1848592383291521056,BmnhPp0lXgg,38676409_1956843374337515_4632144300572934144_n.jpg,0.6726,1,Enjoying PavBhaji (Made By Me) With College Buddies..✌✌ #College #buddies #dosti #food #foodie #pavbhaji #love
1845215626610499310,BmbhdYGHl7u,38714191_247669109215682_8917616248515198976_n.jpg,0.6713,1,Masala pav ! Pav (bread) stuffed with pavbhaji and roasted to get that crisp texture! Best eaten when hot ! #m
1846971780663069965,BmhwwyAl80N,38659394_463146754095313_5758923460235493376_n.jpg,0.6702,1,#pavbhaji #love #bestfoodever #welovefood #pavbhajidiaries #us #r&b
1844375470314173791,BmYibfkhTVf,38638991_272290456901767_7705367712108642304_n.jpg,0.6698,1,Vegan Pav Bhaji #drool #veganbutter #vegan #pavbhaji #veganrecipes #bombaiya #mumbaikar #streetfood #foodporn 
1850118859513059204,Bms8UzlhteE,39385079_2118666918208146_4167066575834185728_n.jpg,0.6694,1,"Amul butter Pav Bhaji at Sardar Refreshments, Tardeo 💯 Detailed elucidation of why Sardar is iconic: (1) The h"
1849280558996145809,Bmp9t7ZAEaR,38777657_158123385078621_2029698042437718528_n.jpg,0.6694,1,Farali pavbhaji !! Yes you can indulge even when you are fasting !! This lovely pavbhaji is gluten free and al
1841864297283934654,BmPndHcFVm-,38493903_428957690844937_8403701348301799424_n.jpg,0.6693,1,#breakfast #bengalistylefood #pavbhaji #madebyme #yammii
1843735777902892067,BmWQ-vllJQj,38265297_1942258112739946_631876962977054720_n.jpg,0.6689,1,How does a perfect weekend dinner look like ? 😍 Buttery Pav Bhajiiiiiiii @rajuskitchen #thehungrybrigade #food
1843413817901283669,BmVHxm-DXlV,38169880_278622986259572_8233639536941334528_n.jpg,0.6687,1,When Mumbai rains give you all the reason to cook pav bhaji😍 @abhi300887 for u #palavacity . . . . . . . . . .
1843484992892462700,BmVX9V2HmZs,38497935_230218187680733_1104895141648269312_n.jpg,0.6685,1,Making of the delightful Pav bhaji with dallops of #butter from Indore ka Sarafa bazaar #lunch karlo?👅♥️ Aapne
1844442621214176929,BmYxsquD7ah,38184417_511838702619778_3327051537733124096_n.jpg,0.6684,1,Ur requested video out now https://youtu.be/GqADvSTuUA0 MUMBAI PAV BHAJI MASALA👨🏻‍🍳👨🏻‍🍳 #bharatkakhana #hungry
1846436381096601750,Bmf3BsTnuiW,38824764_729012327451522_7783751569635278848_n.jpg,0.6683,1,This week on @patreon I've got a recipe for pav bhaji for you. Head on over to Patreon.com/umeko_chan to check
1843639527996299431,BmV7GH4Fpin,38081194_264112197740204_6083216172805783552_n.jpg,0.6681,1,Pav Bhaji 😋 Yooo🤘 #pavbhaji #indianfood #foodie #foodlover #foodoholic #foodporn #homecooking #myfoodlab #food
1842777396820602086,BmS3EdpnGzm,38194577_296746937797694_177954591155945472_n.jpg,0.6644,1,Achi lagne lag gae hai❤️ . . . Follow @delhi_ke_bukkhe for more food updates🥂 . . . #pavbhaji #indianfood #hom
1844120030365390391,BmXoWWlHJY3,38081757_326332941436589_3553958495386599424_n.jpg,0.6644,1,. THE FARALI PAV BHAJI WITH FARALI PAV SANDWICH (fasting food which is GLUTEN-FREE). ❤️❤️❤️❤️❤️ Kabhi khaya ha
1847977042371406529,BmlVVQ7n-rB,38779314_450995442073986_9152868439293952000_n.jpg,0.6641,1,Butter Masala Pav Bhaji at Sharmaji in Abids Hyderabad #pavbhaji #abids #hyderabadinsta #hyderabad_diaries #fo
1842880886832765482,BmTOmcPBhoq,38233394_514637512323345_4058296786761023488_n.jpg,0.6636,1,Presenting the Bambaiya Pav Bhaji Sizzler from @cckolkata. . . Celebrate the 7th year of @cckolkata in the cit
1847050685804309300,BmiCtAJges0,38817757_252603595372972_5261816107081138176_n.jpg,0.6632,1,Pav bhaji 😍 #indianfood #pavbhaji #streetfoods #hydfoodblogger #instafood #foodie #foodlover #foodblogger #foo
1845103909267666890,BmbIDrNlXfK,38153491_297246937676257_8811393959164116992_n.jpg,0.6627,1,Who all love pav bhaji ?? 😍😍 . . . . Had this awesome pav bhaji full of butter @haldiramindia . . . . Follow @
1845673075985579146,BmdJeJBn3yK,38178845_242071146645772_5842453809569202176_n.jpg,0.6625,1,Any Pav Bhaji Lovers?😋 . . . . . . . . . #indianfood #pavbhaji #foodphotography #comfortfood #yummy #hommade #
1846359423528535783,Bmflhz_HQbn,38915805_326953474542361_1510653479629094912_n.jpg,0.662,1,Celebrate independence day lunch with Paav Bhaji . . . #pavbhaji #food #foodporn #yum #instafood #yummy #amazi
1849979029111490636,BmsciAYHMhM,38275033_219384388922991_3074822105737461760_n.jpg,0.6617,1,PAV BHAJI : perfectly baked pav with a super delicious bhaji Follow us for more tempting foodie updates:- @the
1842967239491610044,BmTiPCalGW8,38465759_644584439260514_8547260711774978048_n.jpg,0.6611,1,#paubhaji #pavbhaji #ilovepavbhaji #indiancuisine #indianstreetfood #london #foodporn
1845068265217081250,Bma_8_GnD-i,38531083_218184475540916_1221617281713307648_n.jpg,0.6608,1,"#weekofstreetfood Monday: Pav Bhaji is not just a dish, it’s an emotion. • • • You tend to form a taste bud fo"
1844881245824019498,BmaVbfuHuwq,38004915_710600845959940_1835245345261486080_n.jpg,0.6607,1,Had this amazing pav bhaji from the street shop. They serve the buttery bhaji made infront of u fresh with loa
1847288911468852882,Bmi43pFnnaS,38643376_419048528499225_8540245260654084096_n.jpg,0.66,1,Pav bhaji for dinner 🍴😋😋 • Where: @imlydelhi Price:₹165 • • • #delhiite #foodie #delhifoodie #delhidayout #pav
1848698177748621064,Bmn5TKlnlcI,39008829_2212497518982913_4166430302199087104_n.jpg,0.6594,1,"This is heaven for me in this weather 🌧 , Road side bhaji pav 😍, 📍 Ahmedabad Mehsana highway. #monsoon . #flav"
1848005423204856074,BmlbyQpHvEK,38672003_221943735147667_8040145169992908800_n.jpg,0.6594,1,Contact - +91 9898 251 231 #unlimited #unlimitedfood #cheesebutterpavbhaji #jainfood #pavbhaji #unlimitedpavbh
1842162432848881992,BmQrPj0hulI,37958515_1877851665857518_7414294952370241536_n.jpg,0.6588,1,"If you can't feed a hundred people, then feed just one. — Mother Teresa................ #pavbhaji #indianstree"
1845014402056420708,BmaztLIDX1k,38097616_588424021554407_39371093324070912_n.jpg,0.6581,1,Monsoon couldn't get better ❤️.... . . . . . . . . #pavbhaji#mumbai#streetstyle#streetfood#nomnom#foodphotogra
1844393125993601488,BmYmcatBVnQ,38081812_1894428140864706_9166441858799239168_n.jpg,0.658,1,"DOUBLE FRIED Pav Bhaji? Give it to us RIGHT NOW!😍 Where: Pradeep Pav Bhaji, G3, Vrdhaman Sianik Plaza, Pocket "
1841557123807209317,BmOhnJ2Hmdl,37795036_864003653804889_1908760277537521664_n.jpg,0.6577,1,INDIAN STREET FOOD🌶 . Pav Bhaji is a popular Indian street food dish - it consists of a thick vegetable curry 
1852866768794459322,Bm2tIJiHpy6,38954594_274388446497357_5348981282942484480_n.jpg,0.6563,1,"Garma Garam ""Pav Bhaaji""😊😊 , Khaane Ka Mann Kiska Nahi Karta😍😍 with a Slice of Amul Butter ! #Pavbhaaji ❤️ #yu"
1848745299462316297,BmoEA4Gn-EJ,37861529_272455340246600_1825397608022016000_n.jpg,0.655,1,Canon Pav bhaji I found it very very average to be honest. Nothing extraordinary about it apart from the looks
1843365464069975280,BmU8x99HSzw,38097510_2166587273624577_7571508781381582848_n.jpg,0.6549,1,😋😋😋 #pavbhaji #streetfood #indianstreetfood #mumbaimunch #mumbaifoodies #foodtalkindia #foodofmumbai #mumbaifo
1841552288218688214,BmOggyWlSrW,38524147_879741572214580_5150314547009028096_n.jpg,0.6539,1,When you and your soulmate have same favourite #pavbhaji and #fruitsalad. #foodporn #foodie #love #soulmate ##
1850649177580925661,Bmu058xlHLd,38893321_972004632961151_8417100237516046336_n.jpg,0.6533,1,Pav bhaji(vegetables cooked and mashed with Indian spices accompanied with hot buttered buns)❤️ #Iffasbentoser
1849403837635487549,BmqZv3kgec9,39047508_269649037194954_6183264734431674368_n.jpg,0.6531,1,"SPECIAL PAV BHAJI at Amrut Sagar Restaurant, Bandra. -------------------------------- Pav Bhaji is a fast food"
1843309073749431191,BmUv9YYFtOX,37984960_516215802177056_5251972935391903744_n.jpg,0.6525,1,#Pavbhaji. Try it this weekend. I am sure you and your loved ones will love it. Rating : 4/5 #vegetarian #snac
1842004517932769158,BmQHVmGDB-G,37868854_218862892125548_3080420471053746176_n.jpg,0.6517,1,"Mumbai's Famous Black Pav Bhaji 😍😋 This is a must try dish , so tag your friends below and let them also know "
1855235325255617658,Bm_HrLongx6,39582193_443722342805398_7742986819553198080_n.jpg,0.6508,1,The best Mumbai style Pav Bhaji that you can get in Dubai! 😍 Venue - @mumbai_express_restaurant . . . . . #foo
1849055738221859164,BmpKmWunJFc,38784954_1962907164009209_6951553101429997568_n.jpg,0.6505,1,I love #pavbhaji more than I love you. 😋 . . #freshfoodstories #pavbhaji😋 #haldirams #instagood #food #indiafo
1848697071885184573,Bmn5DErBW49,39312132_709820446034935_4807049190070812672_n.jpg,0.6503,1,Pav Bhaji 😻 • This is something I crave for even when my tummy is full 🙈 • Any more Pav bhaji lovers in the fa
1841470588042818406,BmON75InzNm,37964382_1688143957962729_1119868243750682624_n.jpg,0.6475,1,"Monsoon couldn't get any better. Perfect street style Pav Bhaji from Standard Punjabi Khana, NIT. . #nomnom #f"
1847757205407916783,BmkjWNzgeLv,38056658_466231523846614_8738502608894820352_n.jpg,0.6471,1,#pavbhaji #FoodPhotography #MobilePhotography #StreetFood #Xperia #SonyXperia
1843620263640797365,BmV2tyjBZC1,38162649_519031761889087_8458909867241897984_n.jpg,0.6464,1,Shree nath - pavbhaji At Bajaj nagar Price - 70/- Rs 😋😋😋😋😍😍 Pav bhaji was super delicious With lots of butter 
1849883554471662656,BmsG0qsHtRA,38824755_416231188907135_2772206677225635840_n.jpg,0.6461,1,#radhakrushnapavbhaji #kaspatewasti #wakad #pimprichinchwad #pune #puneinstagrammers #pavbhaji #foodlover
1845524674983498524,Bmcnun0nBMc,38017368_280188219243458_8787248688113123328_n.jpg,0.645,1,"Homemade Pav bhaji. . . Agar Dil Mein Prem Hai-ji, Toh Butter Mein Dooba Pav-Bhaji ! . . Made by - @janvi.kaly"
1843628965730880936,BmV4sbAAo2o,38151470_1881867375204824_3751764966550536192_n.jpg,0.6446,1,#pavbhaji #myspecialskills #mycookingskills #food #foodlover #foodie #homemadefood #myclick #mobilephotography
1843630453770630441,BmV5CE2FzUp,38178948_307571876458968_8618941177619546112_n.jpg,0.6439,1,#lazysaturday made #pavbhaji #Dutch style. All ingredients from Albert Hiejn. #lekker
1842688043128240317,BmSiwMihLi9,37931944_1926931557364747_5357857103442608128_n.jpg,0.6437,1,Pav Bhaji ---- Tag The One Who Loves Pav Bhaji ---- @vegan_tummmy @vegan_tummmy @vegan_tummmy 👆👆FOLLOW This Pa
1843599647665172715,BmVyBybHjDr,38240460_1886993794930706_228499819289640960_n.jpg,0.6416,1,"Best Of Paav Bhaaji -Mumbais Street Food King Location -Trupti,Linking Rd,Bandra. Tag Any Pav Bhaji lover 😍 #p"
1844154854696733405,BmXwRHRAsrd,38448285_290571318385881_3325123690122706944_n.jpg,0.6393,1,#261st #post: How much do you love PAV BHAJI?? rate 1-10 #foodporn #pavbhaji #foodphotography
1845093420268641138,BmbFrCkhdty,38031435_1034703030034098_4598980714891837440_n.jpg,0.6389,1,"Pav Bhaaji for the soul ☔️ It’s the month of Shravan, and it’s time to pull out all the veg recipes in my book"
1842133079483482471,BmQkkaXnAFn,38097487_2130588553883900_41091567028535296_n.jpg,0.6386,1,"ONE OF THE BEST PAV BHAJI IN TOWN! 😍🤤 ___ What : Pav Bhaji 🤗 Where : Kumar Pav Bhaji , Krishna Nagar Price : ₹"
1850283923336343312,Bmth2zQFC8Q,38710819_330446964363078_5145123421901815808_n.jpg,0.6372,1,#pavbhaji#delicious😋❤️ #eatlivelove#pavbhajilover#masalapav#tangyflavour#mouthwateringfood #enjoywithfamilyand
1847283216946157659,Bmi3kxpndhb,39059707_2095149134069002_1327325661047554048_n.jpg,0.6367,1,Does the lack of Ladi Pav make the quintessential Bombay Pav Bhaji any less delicious?? Maybe a little (aftera
1842798283169491862,BmS70ZlBGuW,37897673_396846254052770_3795817015881498624_n.jpg,0.6359,1,Bhaji with butter lathered Pav #pavbhaji #indianstreetfood #indianfood
1847272645117279005,Bmi1K73gvsd,38530534_2179101129023516_1256391540259946496_n.jpg,0.6345,1,Pav bhaji 😋 . . . . #pavbhaji#desichat#chat#pavbun#onions#spicymasala#yummyfood #bengalurufoodie#bengalurufood
1846727450097131505,Bmg5NTcAJ_x,38513118_320344022038471_6193979432294678528_n.jpg,0.6345,1,#pavbhaji #indianfood #yummyfood #tasteofindia #indianhomecooking #yummytastyfood #homecooking #cookinggermany
1847718286630611148,Bmkaf33nGjM,38908907_2130699903860734_8190705141180006400_n.jpg,0.6343,1,#Repost @thefamishedone (@get_repost) ・・・ PAV BHAJI 😍 . Sudden Pav-Bhaji cravings always land me to this place
1846157786992491083,Bme3rnVAjpL,38802625_408172136373364_8827613361991581696_n.jpg,0.6339,1,Delicious Pav bhaji 😍😍 #royalpaan #paan #royal #pav #bhaji #pavbhaji #paobhaji #bread #indiansnacks #desi #hal
1844511502466136359,BmZBXBYnbkn,38680813_325566004654038_1776708565969403904_n.jpg,0.6338,1,El Pav Bhaji de Naan & Curries 😍😋 Delicioso. #pavbhaji
1842708794314753571,BmSneKlnoYj,37816302_1941931339193064_4474018461026091008_n.jpg,0.6331,1,"When there is a packet of Pav (bread) lying around and some left over vegetables, you can cook your favorite s"
1847264418436404927,BmizTOLHta_,38753639_2228757977411030_8706487815296253952_n.jpg,0.6329,1,Pav Bhaji Thali anyone? Tag a PAVBHAJI lover and comment below! . . Keep following @geetakithali and please tu
1849345207500108545,BmqMasAHXMB,38743082_438618643297565_7710597023770083328_n.jpg,0.6324,1,Sunday's Special : Pav Bhaji SWIPE LEFT FOR COOKING VIDEO ... . . . . . . . . . . . . . . . . . . . . . . . . 
1847155628893970051,BmiakIBFp6D,38626375_1145227555625090_1526873492341915648_n.jpg,0.6317,1,Years ago when I studied in Manipal there was a little cart dishing out pav bhaji right opposite Dollops at Ti
1845091049840830422,BmbFIi8A-fW,37979642_848453315358577_1042988797303717888_n.jpg,0.6316,1,Pav bhaji❤ . . . #lazysherni #shernigiri #chatori #chatoridiaries #traveller #blogger #travelblogger #foodblog
1845603326454674178,Bmc5nJtnDMC,38782362_250881472211644_129466699601674240_n.jpg,0.6316,1,My favorite pavbhaji....#foodshot #foodfoodfood #foodiegram #pavbhaji #tastyfood #myluckycharm #lunchtime #myf
1848963557241513025,Bmo1o8gBeRB,38669202_319633585279611_6884270222535032832_n.jpg,0.631,1,Yummy Pav Bhaji with goodness of lots of veggies #streetfood #indianstreetfood #indianfoodbloggers #delicious 
1848708631254456106,Bmn7rSLHtcq,39320119_668816680155838_7853662521838796800_n.jpg,0.6299,1,"One of the best Pav Bhaji & Masala Pav I had in recent times. Ample amount of Bhaji, salad which was actually "
1841514290484198868,BmOX32NHb3U,38247961_402968876896296_2499752995852386304_n.jpg,0.6298,1,Desi style 😎 . . #pavbhaji #indianflavours #chesse #chessy #ontable #instagram #mumbai #india #instalove #food
1850535088007945247,Bmua9ulHBwf,38773356_549767812123045_5245181608549416960_n.jpg,0.6297,1,Tag Pavbhaji Lovers! . Pavbhaji has our heart!❤️ . Hit like if you agree. . #pavbhaji#streetfood#mumbai#amchim
1850209106810357457,BmtQ2E7n8bR,37141390_841797352876555_3694654361213861888_n.jpg,0.6294,1,"Such a mesmerising dish😍❤️ Anyone can go crazy about this pavbhaji.. . Mouth watering ❤️ . Where : DPs , near "
1845741630750066800,BmdZDvoAghw,38236724_1136276676530659_810224745504047104_n.jpg,0.6288,1,Do u like pav bhaji.😍😍. tag your friends and comment. 😋😋😋 . . Follow us @simplytadka . . #pavbhaji #streetfood
1847206318039639009,BmimFv9nCPh,38429526_862801230577996_1617116583501496320_n.jpg,0.6288,1,A Delightful Pav Bhaji Awaits You!😍 All Time Favouriteeeee❤️😋 #streetfoodcravings💕 Mumbai's Best Pav Bhaji Are
1844026969705715597,BmXTMJFjJeN,38146144_256006715016943_3032491930270302208_n.jpg,0.6268,1,#PavBhaji #LajpatNagar #Food #India #GujaratiFood #StreetFood
1850567690987426955,BmuiYKeHtSL,38704434_2155652804706087_3384430664425144320_n.jpg,0.6261,1,The foodbooster - #80 (Pav Bhaji) #pavbhaji #food #foodporn #yum #instafood #yummy #amazing #instagood #photoo
1849402386743103923,BmqZawUlRGz,38803934_422120864978914_4756246714870923264_n.jpg,0.6254,1,श्रावण स्पेशल पावभाजी 😄😋 . . . #pavbhaji #yummy #yummyfood #spice #indianfood #पावभाजी #food #shravan #post #h
1843973628477358836,BmXHD7MlML0,38247959_172485520225432_4948888015415017472_n.jpg,0.6249,1,Pav-Bhaji for Saturday night dinner! #truptiskitchen #delicious #cheflife #vegetarian #indianfood #pavbhaji #c
1855258513707025894,Bm_M8nkBsXm,39140810_2032390520165251_1873473414644105216_n.jpg,0.6249,1,Every mumbaikar's love❤️ #foodstagram #foodporn #foodlust #foodies #onlinezaakya #nutella #pavbhaji #foodblogg
1841470167639370035,BmON1xmn6kz,37800592_1800094543420184_5421577994160308224_n.jpg,0.6244,1,PAV BHAJI💕 . Pav bhaji loaded with BUTTER and CHEESE is sinful 👅😍🤪 . COMMENT THIS EMOJI IF YOU WANT TO EAT IT 
1842674091916665003,BmSflLdgiCr,38271776_247208989242388_418966942963990528_n.jpg,0.6241,1,"They say, when you love someone give them what makes them happy. In my case, this makes my husband extremely h"
1849517441418146765,BmqzlBVnjPN,39321987_2350355808314575_4219380879522267136_n.jpg,0.6239,1,Couldn’t wait to try this in India after my attempts at home. Got some heat to it! Authentic Pav Bhaji #yummy 
1845124138395255353,BmbMqDDjEI5,38097498_461612630915343_2519290136361959424_n.jpg,0.6233,1,#beingamritsari🐒 #cutebun #pav #pavbhaji #presentation #buttercream #sotasty #newstyle #trending #bhajilove #m
1850670737419834794,Bmu5zr8HpWq,38903957_1041276739330447_8585861167707062272_n.jpg,0.6215,1,From Bombay Pav Bhaji shared by @rmroshan 😍😋😋 #pavbhaji #hsrlayout #nammabengaluru #bangalorefoodie #bangalore
1847862865455673451,Bmk7XxZHvBr,38520416_307186500035577_2329653066657169408_n.jpg,0.6212,1,Pav Bhaji A popular and delicious fast food in India. Get the recipe at https://www.awesomecuisine.com/recipes
1849281405775872244,Bmp96QBAYD0,38637247_325402261537657_6528558239351570432_n.jpg,0.6209,1,Pav bhaji.. One of the favourites from Bombay! Mashed veggies cooked in special robust spices and butter with 
1844426830390384295,BmYuG4Xnlan,38016440_268480120548744_8059080095958040576_n.jpg,0.6208,1,Sunday special : Pav Bhaji #sunday #sundayfunday #indianfood #india_gram #pavbhaji #dinner #love #foodporn #ho
1845173176435447456,BmbXzpSg5ag,38184080_493315651095648_6789095546846969856_n.jpg,0.6186,1,Follow- @all._about._food ❤️ Utterlyy butterly delicious pav bhajii😍😍😍😍😍 . Nothing beats pav bhaji as an all t
1844971297908246715,Bmap57QnMi7,38821007_204036967131311_5336972734771494912_n.jpg,0.6174,1,"Add that extra dollop of butter and relish your #PavBhaji. This #IndependenceDay, enjoy this dish without any "
1843404857483185964,BmVFvN7g88s,38210421_267046803891795_5743839706890633216_n.jpg,0.6155,1,"Chowpatty in a Bowl🥘🥖at Indian Accent, which is undoubtedly India’s best restaurant serving modern and inventi"
1847042413808249796,BmiA0oQHuvE,38468329_2108293349189069_7603140463897346048_n.jpg,0.6148,1,Pav bhaji in breaky😍 Want? Tag all PAV BHAJI maniacs 😋 . #pavbhaji #buttery #yumyum #instashot #nomnom #bhaji 
1842136362507951685,BmQlUL7Hd5F,38097598_1793210757431061_4038646757331042304_n.jpg,0.6147,1,"🧀-y pav bhaji 😋 Chennai folks, if you're around gopalapuram/Stella Maris area check out my Bro's shop @shirdiq"
1842031065135310169,BmQNX6Gn-VZ,37819604_228730441160320_5018688217591840768_n.jpg,0.6143,1,Monsoon=pavbhaji 🌦🍞🍜❤ and it tastes even more sumptuous with homemade pav/dinner rolls!! . . . . . . #pavbhaji
1842900168099600233,BmTS_BUFZdp,38427893_257509098411212_7414795238750814208_n.jpg,0.6141,1,#pavbhaji time 🍞🍴 #homemade #indianfood #yummy
1843627984423093702,BmV4eJFggXG,38281780_302830777132046_662796780433309696_n.jpg,0.6141,1,#Repost @thehungry_bong • • • Presenting the Bambaiya Pav Bhaji Sizzler from @cckolkata. . . Celebrate the 7th
1844283462779786506,BmYNgm4HdUK,38097098_305599073528255_366551776263929856_n.jpg,0.6138,1,Honest thought- Shifting to Ghatkopar and realising that there's Cheese everywhere. 🤦🏻‍♂️ Pav Bhaji at Achija!
1845666224974127224,BmdH6chhOB4,38081822_464438014074377_4797771330567012352_n.jpg,0.6137,1,Utterly butterly delicious😋😋😋 Totally love this place❤️ Their masala pav bhaji is so tasty and yummy.👅 EK DUM 
1848726540185879479,Bmn_v5KncO3,38720803_2244746685841031_5290430222884143104_n.jpg,0.6134,1,Tempting menu for the day. Ghar ka khana is always healthy and fresh khana🤩😎 Who else love pav-bhaji??????????
1850616172853079018,BmutZqugCvq,38741041_278738682719300_5608539178980605952_n.jpg,0.6134,1,"Cheesy Pav Bhaaji, at Spicery — it’s an iconic Mumbai Street food and has cheesy vegetable mash served with gr"
1841905053445573686,BmPwuMknsw2,37931962_1764960956951057_7164937577890316288_n.jpg,0.6131,1,"Pav Bhaji 80/- Paud Road, Rambaug Colony, Kothrud, Pune, Maharashtra 411038 . . . @punetimes food #foodblogger"
1845108717819583221,BmbJJphnNr1,38628702_2056584531042348_5532057704203288576_n.jpg,0.6126,1,"Some crazy Masala Pav my friend made . . Shootout for my friend @deep_30stm97 . For more yumms my foodies, fol"
1849446604732342049,BmqjeNiH58h,39152774_233123877395525_8036123066264190976_n.jpg,0.6116,1,#pavbhaji #sundayspecial #pavbhajilove #streetstyle #veggie #veggieworld #foodforfoodie #foodholic #foodpics #
1848013805043227942,BmldsO1np0m,38052664_229559587734500_1407449298156650496_n.jpg,0.6114,1,"Pav Bhaji & Sweet Lassi 🥘🍺 ( Tomato-ish Curry , crispy bun , Onion ) Sg$3 #myindia #Indianfood #PavBhaji"
1843430532723816989,BmVLk13HLod,37958519_1725105047587439_3553783999455297536_n.jpg,0.6111,1,Pav Bhaji Price: @ Rs60/- Where? ~Pola's Harbour Lounge Credits: @_the_bold_style 📷 Want your Food features to
1803579837193967612,BkHmk5gANf8,34353213_111674523030053_8724298104074928128_n.jpg,0.611,1,Manohar Pav Bhaji #fudiecousins #pavbhaji #tawapulao #mumbaifood #butter
1843448554800899374,BmVPrGOnWUu,37577125_257538948194882_4303541562551304192_n.jpg,0.6108,1,💋GOOD FOOD = GOOD MOOD💋 😋PAV BHAJI IS BAE FOR MUMBAIKAR😋 #mumbai#bloggerstyle #mumbaikar#foodblogger #pavbhaji
1846793904802752654,BmhIUWNH-iO,38819803_331253897417059_8874516956074475520_n.jpg,0.6106,1,PAV BHAJJI #pavbhaji #bread #mixvegetables #mashed #cravings #mumbaifood #mumbaieats #mumbaidiaries #indianfoo
1847889639333792471,BmlBdYgnYrX,38424791_511767629237255_5238554323687833600_n.jpg,0.6101,1,Is it criminal not to eat till neck?? When Bua knows my all time delight.. Pav Bhaji😍 #pavbhaji #mumbai #mumba
1842680020617565498,BmSg7c_npU6,37962469_1050943945081007_5456241056003653632_n.jpg,0.6091,1,"Photographer at work. Food photography of Pav bhaji ( see album please ) Kindly see in the album, I have focus"
1847200311225892503,BmikuVrnD6X,38251024_247418602557611_5846486543341977600_n.jpg,0.609,1,"Pav Bhaji lovers , Hit like❤️ . Buttery Pav Bhaji 🤩 . From :ArJun Pav Bhaji, Model Town 3 . Price : ₹100 . Tas"
1845125477762526518,BmbM9icDu02,38815720_246476535976219_3119637744419078144_n.jpg,0.6089,1,Goodevening This is farali pavbhaji which i tried @achijamulund They have introduced a special farali food men
1849473166856725767,BmqpgvcHKUH,38757448_2072314413030198_225855605493989376_n.jpg,0.6075,1,Where did the rest of the butter go? . . . . . . . . #pavbhaji #mumbaifoodie #mumbai #mumbaistreetfood #mumbai
1843003431931144609,BmTqdtQFOmh,37950026_366712527197982_1078477184357629952_n.jpg,0.6069,1,When your NRI friend wants to eat 'Bombay food'..... #pavbhaji #shivsagar #shivsagarmumbai #streetfoodlover #i
1848573506592057795,Bmnc89hninD,38688300_283311599131341_6451448930549891072_n.jpg,0.6063,1,#Poojafoodiedilse Craving for PAV BHAJI 💓💓 Bhaji was loaded with cheese and butter. My all time hit combo. Is 
1828963273137213680,BlhyGgalFDw,36984232_209033119813457_5512235609793495040_n.jpg,0.6059,1,Asli Makhan Pav bhaji 😍😋 Tag someone who loves it 😍😍❤️ . . #Where - @creamcentrenagpur > Fine Dine Restaurant 
1843749131718355200,BmWUBETAekA,37957892_307526773146154_7325057519213084672_n.jpg,0.6049,1,When you miss Mumbai... You bring a piece of Mumbai to London ❤ #pavbhaji #foodie #mumbai #streetfood #lovefoo
1850191559930958894,BmtM2vIHFQu,38618367_530229140767635_214148310624108544_n.jpg,0.6046,1,Pav bhaji 😋😋 Mumbai juhu special #mumbai #juhubeach #mumbaibeach #pavbhaji #indiancuisine #juhuchaupati
1848043721461135939,BmlkfkrFPpD,39152497_963818027133055_3790094491650621440_n.jpg,0.6043,1,#independencedaytrail #stop10 #secondlast #supremepavbhajicentre Tan da ta #pavbhaji Hype is worth it.😋😍 loved
1847923599739164050,BmlJLkmg5WS,38758135_1787723801335785_168535727875817472_n.jpg,0.6031,1,"#OldGurgaon 's famous #BombayBest #pavbhaji . #indianfood, #FoodFromIndia , #foodie , #foodoftheday ,#foodporn"
1847644582172175694,BmkJvVPjC1O,38910064_1170210306452734_553176742454362112_n.jpg,0.6023,1,When Authentic #pavbhaji with #paneer tastes yummier... #food #foodie #delicious #veg #pureveg #foodgasm #snac
1845738618635738997,BmdYX6YAN91,38484489_252401802051715_4661063831500357632_n.jpg,0.6016,1,Pav Bhaji - Farali Style! You wouldn't have heard that right? When your bread (Pav) isn't the regular one (whi
1849517022187892727,Bmqze65jC_3,38665541_315925568972760_3684440387818094592_n.jpg,0.6014,1,#PavBhaji #StreetFood #Vadodara #Chatako #Sursagar #DesiFood #Foodies #tasteofvadodara #IndianStreetFood
1842949368603170614,BmTeK-2n1c2,38535245_1984317605193337_519447784458289152_n.jpg,0.6005,1,Tag someone who loves Pav bhaji😋 _ Follow @_braidsandbrownies_ @_braidsandbrownies_ @_braidsandbrownies_ _ #pa
1845202780991906054,BmbeicrleEG,38081259_2222657664659363_4485599651361193984_n.jpg,0.6002,1,Not the first time I made Pav bhaji. Tasted so yum with buttery pav ❤️🤤👌🏻 #VK_Yummy_Attempts #pavbhaji #butter
1849170606325443216,Bmpkt5_HyqQ,37508227_243307953181304_5109764377788022784_n.jpg,0.5994,1,#pavbhaji#pavbhaji#bhajipav#mumbaifoodie#mumbaistreetfoods#vegan#soyummy#favouritefoods#instafoodie#tasty#eatf
1839860431370293322,BmIf1B4H5BK,37826159_2158541787498210_5107376165518049280_n.jpg,0.5972,1,Pav bhaji... My favourite..with lots of onions...thumbs up and fried papad. #pavbhajiislove #cheese #pavbhajic
1842236650999234154,BmQ8Hk3A75q,37974455_487215175024062_5931434330667614208_n.jpg,0.5972,1,Yummy taste no.1 in jaipur...😋 #pavbhaji #foodie #spicy #tasty #musttry#foodgasm #outing
1848732185291311267,BmoBCClHsij,38422521_2161156477486442_8624140518999195648_n.jpg,0.5968,1,#homemade #houseparty #pavbhaji
1847852864792012840,Bmk5GPjHago,39189070_1882429415156597_5792785227210293248_n.jpg,0.5955,1,#home #made #pavbhaji #mothers #love #likesforlikesback #picoftheday #follow #mumbai #foodie #mumbaifoodie #fo
1842864282933691087,BmTK00phILP,38066232_285412415598619_1754217785040306176_n.jpg,0.5954,1,"Credit to @justdelhiing : Delicious and Buttery Pav Bhaji from Jhakkas Pav Bhaji, Punjabi Bagh 📸 : @foodiesinc"
1843606033065265347,BmVzetSn0jD,38081265_2144198839154256_6381047471606333440_n.jpg,0.5937,1,Served with Style Pav Bhaji... Just add #food #foodcoma #chef #gourmetfood#foodporn#foodies#foodbloogers#foodp
1846894470136552169,BmhfLw-H1rp,38472738_228962997765707_6011718320380706816_n.jpg,0.5927,1,A Great Party Food - Pav Bhaji. . Every Indian Child would Relate that in India if your Parents Arrange your B
1845055008230232835,Bma88EknlMD,38170706_492889327850024_3272394522658603008_n.jpg,0.592,1,Pav bhaji from the best I have had in East Delhi - Pradeep Pav Bhaji in Mayur Vihar Phase 2. #thatveggieblogge
1844112058931405978,BmXmiWmnuSa,38662361_2232658193619792_1266158304480985088_n.jpg,0.591,1,Happy Sunday foodies.. A tasty contribution from my side too...to the millions of posts of Pav Bhaji on insta 
1844947793951462042,Bmakj5fnhKa,37916166_1891339284281618_8615510001261215744_n.jpg,0.5909,1,Yummy Pavbhaji...who else love's it? #pavbhaji #indianfood #pav #pavbhajilover #indianchats #munching #lunchti
1845529080923315066,BmcouvLFlt6,38166244_221402505204784_6944462733194559488_n.jpg,0.5894,1,Now that everyone is living the tri-colour vibe why should food be left behind ? Which is your favourite place
1847627169864182590,BmkFx8xHWs-,38627304_1818751641575229_442368755176046592_n.jpg,0.587,1,"💕After dinner, my son’s suggestion -😀it's BhajiThursdays” from now on, mom!! #pavbhaji #thursdaynight 😋pottery"
1845757861080557026,Bmdcv7TF2Xi,38441595_309694319606766_2011838199856365568_n.jpg,0.585,1,Happiness is a plate of Pav Bhajji ! I can eat this meal any time of the day ... breakfast lunch dinner ... ju
1843720796403142266,BmWNku-nA56,37789475_240451653272538_5032156680981315584_n.jpg,0.5849,1,Masala Pav ka Bhai Masala Bread 😛 trust me it was soooo good 😍 Just make sure u eat this super hot 😘 . . . • H
1853585896861792349,Bm5Qo1vHvhd,39298419_475974269550076_6002435611858829312_n.jpg,0.5847,1,Wanna have a bite of this Pav bhaji full of spices and butter? 😋 _ Tag someone who loves Pav bhaji❤️ _ Follow 
1846515360082277547,BmgI-_OAbSr,38740111_1886519448315998_3655694188885835776_n.jpg,0.5844,1,Enjoying Independence day with Superb #pavbhaji and #nankhatai #cookies
1847783688704758841,BmkpXmTAhQ5,38831045_2155790394699119_8014792965887098880_n.jpg,0.5835,1,#alltimefavorite #chat #pavbhaji #mood😍
1844941678076807533,BmajK5pFMlt,38907183_395072331021775_3672606279743832064_n.jpg,0.5822,1,K: “Let’s stop here for lunch.” Me: “Do they have pav-bhaji?” K: “It’s Haldirams.” :: rolls eyes :: Me: :: gri
1843330584573502553,BmU02Z5HeRZ,38161638_270934920173367_5691094725356945408_n.jpg,0.5804,1,"The Baadshah of Bombay streetfood!! . This Pav Bhaji is at Ruchi restaurant in Mulund, East - Mumbai. . Served"
1845517135789347707,BmcmA6ZntN7,38454201_306984640054417_2428433801181921280_n.jpg,0.5796,1,"BOMBAY PAV BHAJI MASALA , to make my Tuesday awesome . Tag karo apne dosto ko comment section mai . Price : ₹1"
1849891177535169180,BmsIjmOHOKc,39400556_319297248641092_2795488174518829056_n.jpg,0.5792,1,"Chandigarhians you guys should try the Pav Bhaji at Bombay Special Pav Bhaji, Chandigarh. . .. ... #streetfood"
1844076220153842284,BmXeY1JA8ps,38831046_1127602027387434_9219353046977347584_n.jpg,0.5789,1,Pav Bhaji —————————————————————————— Some cultures just have naturally vegan dishes. This was prepared with le
1845613044463717331,Bmc70kUFkvT,38465757_557105101372912_2217743854059126784_n.jpg,0.5763,1,Do I need to say anything about this? 🤔😋 #pavbhajilover #foodlover #pavbhaji #mumbaidairies #foodblogger #food
1848139184466743825,Bml6MvhntIR,38876762_225707858111859_4735277589315190784_n.jpg,0.5758,1,😍Mumbai Chi Pav Bhaji 😍❤ Tag that Pav Bhaji lover😎🍻😍 #jaipur #jaipurlove #jaipurfood #jaipurigers #mumbaifoodb
1842027115862382116,BmQMecDnVYk,38870460_453331815146731_4995116466408783872_n.jpg,0.5745,1,Pav bhaji 😻😻😻 #hostelfood . . . . . . . . . . #foodporn #food #foodie #foodphotography #foodgasm #foods #foodi
1847042192734173096,BmiAxaXFDeo,38806392_2011335708898723_2146397686994042880_n.jpg,0.5742,1,Pav Bhaji #foodtraveler #foodblogger #indianfood #indianwedding #pavbhaji #loved #instafood #jodhpur #jodhpurf
1845560712290753456,Bmcv7CLgduw,39232799_234976350691491_7451701974329720832_n.jpg,0.574,1,Today's Meal Sorted... 🙏Dear friends Today's Govindas lunch box menu. 1. Pav Bhaji ( mumbai style) A) Bowl of 
1843065298694162949,BmT4h_Kg8oF,37982634_1896381120667326_2404238996273102848_n.jpg,0.5738,1,"▪️Pav Bhaji Place: @lawgardenkhanipini , Ahmedabad. What is the best option other than Pav Bhaji when hunger s"
1848711814731245311,Bmn8ZnBH6b_,39148831_989754311196405_9084123089674960896_n.jpg,0.5735,1,Last night ordered #Pavbhaji from @zomato from #streetsofmumbai in #gurgaon. Within 30-40 mins food got delive
1842093686813364737,BmQbnLFgBIB,38170728_520914148344726_8052386045829840896_n.jpg,0.5721,1,Deconstruction of pav bhaji was quite tasty .😋 . . But according to me normal pav bhaji is best❤ . . 🤔kya hai:
1841510125312091264,BmOW7PFgySA,37774112_465714047240256_3356506105621512192_n.jpg,0.5714,1,The perfect way to eat pav bhaji! #foodporn #foodgasm #pavbhaji #pavbhajifondue #lunchdoneright
1849270105926669615,Bmp7V0NghUv,38762379_697100670634841_369276305948016640_n.jpg,0.571,1,"When it has so much butter floating in your bhaji, it has to be Sardar Pavbhaji ❤️ Location: Sardar Pavbhaji, "
1842174624299632912,BmQuA9_nkkQ,37900185_2014534535264061_5722917508147576832_n.jpg,0.5709,1,"Pav bhaji for dinner?😋❤️ . Perfect hogging with this legendary Sardar Pav Bhaji in Tardeo,Mumbai. I honestly f"
1845693430898918330,BmdOGWBAIO6,38640371_317188615687753_628628318433837056_n.jpg,0.5704,1,Pav bhaji! (Pressure cooker recipe) 😍 Ingredients 1 1/2 cups finely chopped tomatoes 1 1/2 cups peeled and cho
1844428192943590458,BmYuatWHkw6,38426699_233708624150129_3991028953136496640_n.jpg,0.5702,1,Some #cheesy #pavbhaji for the Sunday mood😍 . Recently visited this small fast food Center near Borivali stati
1842823090113225919,BmTBdY2FiS_,38901130_242386726409120_4397092096356384768_n.jpg,0.5696,1,"My sis is in India & sent me this pic of the quintessential ""Pav bhaji"" or the buns with a veg curry which is "
1845473538119679815,BmccGe6Ab9H,38097422_303141820421302_6120205925807554560_n.jpg,0.5694,1,➡Pavbhaji😋😍😋 . . #tasty #pav #pavbhaji #pavbhajilove #masala #idli #idlife #eeeeeats #f2f #foo #food #food #fo
1845806167744237585,Bmdnu4YntAR,39294354_240308736813632_8460389483475369984_n.jpg,0.5679,1,- Pav Bhaji - . Location - Behind Saheed Nagar Puja Mandap. (The place where I go mostly when I crave for Pav 
1844368345032202347,BmYgzzonphr,38505469_2217699261820244_6921434630381895680_n.jpg,0.5675,1,#PavBhaji_Is_The_Perfect_Dinner_In_The_RainyDay_On_The_SUNDAY...😋😘🍽️🍴 #PavBhaji#HomeMadeFood#Homecooked#Gharka
1844676098413989350,BmZmyNTno3m,38835518_282716115871332_5684107212998311936_n.jpg,0.5669,1,#Repost @chefkunal • • • • • Post Production- @devashishmishrateam Pav Bhaji - Creamy potato & veggie slurry w
1842217882462188540,BmQ32dTB_P8,38419911_1641159015993891_2371774815951388672_n.jpg,0.5663,1,In pic 1 - Butter pav bhaji Price - ₹80/- . In pic 2 - Veg Pulao Price - ₹70/- . Location - Krishna Restaurant
1850033744258326338,Bmso-N1AN9C,38772603_736962489969077_6679653101470744576_n.jpg,0.5656,1,Mumbai food in Manali the mall road. #pavbhaji #themallroad #manali #himachal #foodporn #food #amulbutter
1848468991163440982,BmnFMD8nx9W,39009775_1660738830703499_6379626924058083328_n.jpg,0.5646,1,Looking for finger licking street delicacy around North Delhi? Then Arjun Pav Bhaji in Model town 3rd is surel
1842463967782235568,BmRvzeHHe2w,38934685_261129568048080_8810393961928589312_n.jpg,0.564,1,Is this love?? #pavbhaji with a twist... Baked the buns after filling in bhaji and some #cheese grated on top.
1849983155969304515,BmsdeD0AafD,39756290_659664991086808_7327108988867182592_n.jpg,0.5638,1,A perfect lunch at haldirams Super delicious pav bhaji and raj kachori .... . . . Follow @yummytummystories Fo
1844480239809228613,BmY6QFxDm9F,38714129_302514460326230_4687342485821718528_n.jpg,0.5637,1,#mouthwatering#delicious#yummy#pavbhaji#food#foodporn#tangy#phonephotography#oneplus#oneplus6#portraitmode#ins
1843743382678069810,BmWStaFgOIy,38454158_2109282909312266_1249368877888962560_n.jpg,0.563,1,Looking for the bhaji to my pav- cuz I get dough but not men #pavbhaji #indianfood #vegetarian #homemade #sing
1847087054152977124,BmiK-O0Asrk,38271766_317355532144855_3469458608725426176_n.jpg,0.5612,1,When food in the office is not good and so the decision is made to go out and eat. Pav bhaji @ @nukkadwala_ . 
1846632967940071407,BmgjuaEl9_v,38523737_1846441898772705_1105201548910133248_n.jpg,0.559,1,"When in Mumbai, this is the perfect way to end the late night cravings . . #pavbhaji #food #foodporn #foodphot"
1844791075091000848,BmaA7VrnC4Q,38278611_233085624017858_792251402586947584_n.jpg,0.5587,1,Pav Bhaji.. 😋😋 #ting #whp #whpmystyle #foodporn #food #foodie #foodies #banglorelife #banglore #bengaluru #fol
1843478678837617527,BmVWhdbH2N3,38618337_453573438495512_2971738118924795904_n.jpg,0.5587,1,"It's been so long without you, my friend. And finally we meet today. Pav Bhaji and Aloo Tikki days!!!! 😎 #pavb"
1845127582522486431,BmbNcKphy6f,38536887_289134035200047_677438405549752320_n.jpg,0.557,1,Shrawan mode is on #delicious #foodgasm #pavbhaji #foods #foodporn #food #foodie #foodstagram #foodiedoc #home
1852751724210376598,Bm2S-B6jU-W,39099029_332130844195519_3480945889600602112_n.jpg,0.5567,1,Last night the Butter Masala Paav was Tasty. Follow for more @khayapiyaah #paau #masalapav #pavbhaji #butter #
1844974773501074052,BmaqsgKFpqE,38433203_2151798485100965_4583602472819359744_n.jpg,0.5562,1,"Living in India, it’s hard not to enjoy its wonderful street food, specially PAV BHAJI! While there’s nothing "
1847875472886908568,Bmk-PO-lMaY,38707110_2146637612260108_736171009580728320_n.jpg,0.5553,1,TAG A FRIEND WHO LOVES PAV BHAJI! PC @things2doinmumbai Location Mazgaon Khao Gali To get featured tag us on y
1850576503522154093,BmukYZyH1Zt,38720804_2286441831577242_8154552395699847168_n.jpg,0.5547,1,#foods #instafood #foodgasm #indianfood #pavbhaji #kolhapur #foodiegram #world_shotz
1847251233767602408,BmiwTW_nrjo,38627244_1036293006549967_942750801850269696_n.jpg,0.554,1,Order through Zomato (11 pm) and get this delicious PAVBHAJI only at ₹79. Offer ends today. Offer is available
1849791873135003792,Bmrx-hynciQ,38792586_222344045127613_222098814780047360_n.jpg,0.5535,1,TAG A FRIEND WHO LOVES PAV BHAJI!😍 PC @things2doinmumbai Location Mazgaon Khao Gali To get featured tag us on 
1849491808917504247,BmqtwBNhcD3,38540336_333153527428730_5314455063052156928_n.jpg,0.5534,1,पावभाजी 😍❤️ . . महाराष्ट्रातील वेगवेगळ्या हॉटेलस मधील खासियत जाणून घेण्यासाठी नक्की Follow करा : @f_o_o_d_t_o_
1849340876008289887,BmqLbp_FXZf,38897128_1663083683821032_1118013938865274880_n.jpg,0.5529,1,"Savour the taste of lip-smacking @fingerlixfresh Ready To Eat Pav Bhaji, without spending hours in the kitchen"
1855166950533936384,Bm-4IMtnrUA,40349803_965854620266101_2325472311131504640_n.jpg,0.5526,1,"Pav Bhaji 😍😍❣️❣️ 🌍: Vega Restaurant, CP __________ @thebellyfillers @thebellyfillers @thebellyfillers ________"
1841515974169985535,BmOYQWQnAH_,38181211_494535747660341_1611907050164453376_n.jpg,0.5524,1,"So Droolicious,right??🤣 Want some??🙈 . . Recently visited a small outlet just 5 mins walking from Borivali Wes"
1854579357700499966,Bm8yhmPgqn-,39122495_1940957362629563_7935841210604716032_n.jpg,0.5511,1,Very famous and special chilla from the streets of Vrindavan. 😍 It was the best chilla I’ve ever had. Do give 
1847197069851190347,Bmij_K6n2RL,38764924_286922095228628_9113922801135255552_n.jpg,0.5503,1,"Evening munching be like😁😋 Finally tried this Bombay Masala Pav Bhaji from Arjun Pav Bhaji, Model Town-3 📍 So "
1848351088833245610,BmmqYW2HLGq,38762386_677386452654032_5043197620789511636_n.jpg,0.5499,1,Baked Pav Bhaaji Enjoy what we cook... Love what we eat.... Love our foodie life ❤ #bangalore #weekend #dinner
1843048135251521802,BmT0oOdnPEK,37990391_199692147571073_4626842245050400768_n.jpg,0.5494,1,People are instantly 70% nicer after 3pm on Fridays. 😇😈 #friday #food #foodie #weekend #eat #pavbhaji #aglioeo
1843470192911600510,BmVUl-ShEt-,38081801_241788463339372_415028281859899392_n.jpg,0.5488,1,Pav bhaji ✔️ . . When you cook something for the first time and it turns out delicious! . . #foodie #foodphoto
1844369736031208044,BmYhIDGnwJs,38437787_296548077769843_6798949486019215360_n.jpg,0.5454,1,Pav bhaji was originated in the mid 1850's as a fast lunch dish for textile mill workers in Mumbai. Amul Chees
1845127863886166864,BmbNgQsHDtQ,39020741_1684181598347573_8405056625232052224_n.jpg,0.5452,1,Dinner scene now eating Mumbai famous Pav Bhaji at Sardar Pavbhaji.❤️🤤 . For more join us : @foodiesinceborn92
1850020963922361534,BmsmEPNnjy-,39079210_1064812873677397_3087828314681769984_n.jpg,0.5452,1,CHEESE PAV BHAJI . @maji_sagar_tardeo . 📸 @hiteshbedbansi . #pavbhaji #cheesepavbhaji #cheese #bhaji #pav #veg
1847917255805779092,BmlHvQWnjyU,38682328_316670509104246_2281459638060711936_n.jpg,0.5451,1,Because the Weather Calls For a DELICIOUS n BUTTERY Plate of Pav Bhaji🤤❤ #pavbhaji #pavbhaji😋 #pavbhaaji #pavb
1845806807046845731,Bmdn4LyBnUj,38768819_311603939411787_9101989371942273024_n.jpg,0.5437,1,The yummiest Pav bhaaji you can ever have. @an_indian_foodiee @an_indian_foodiee @an_indian_foodiee #yummyfood
1843764485774740801,BmWXgf4FY1B,38466252_565559817215032_3578875645075128320_n.jpg,0.5437,1,When you get midnight cravings for Pav Bhaji. #fatkiddiaries #fatkidproblems #fatkidrecommends #bhukkadrecomme
1849958398051643650,BmsX1yNHnEC,38813884_442837872895269_7773474619134050304_n.jpg,0.5435,1,#homemadecooking #pavbhaji #fingerlikingfood #favourite #foodietrendy1721 #foodislife #foodisevrything #foodie
1847216461425175178,BmioZWugGqK,38235957_1121137248037595_2173367775215484928_n.jpg,0.5419,1,"Having Punjab Style #PavBhaji. . Quick fix to ur evening hunger needs!! . Try this at Punjab sweet corner, Kar"
1847717278630496367,BmkaRNGH0hv,38478952_2167545510182307_7733135328512311296_n.jpg,0.5417,1,"Finally Chennai has got its own Chowpatty 👌👌👌 where in they serve amazing food with different varieties, and i"
1843591611133952989,BmVwM10h4Pd,38490716_254991625334355_2941111909727862784_n.jpg,0.5412,1,#delhifood #street #pavbhaji #pavbhaji😋 #pavbhajifondue #delhi_igers #delhigram #southdelhigirls #southdelhifo
1844880537145442079,BmaVRLtlf8f,37596155_281986059259770_8092455152943890432_n.jpg,0.5401,1,Have a pav-erful #Monday with #Nukkadwala. Enjoy the #authentic Bombay Pav Bhaji medley meal at just Rs.178. V
1850381261664039242,Bmt3_QohjFK,38817758_1697950663647547_1846752842547724288_n.jpg,0.5398,1,When Admin feels like a near death experience! #dramatic #pavbhaji #mondaynight #dishoomkensington #savedtheda
1845061890024390684,Bma-gNvg8Ac,38745930_155041245350354_4230870518334488576_n.jpg,0.5359,1,"Our newest addition - the Pav Bhaji Plate! With fresh made (gluten free) pita bread, yogurt sauce, basmati ric"
1847040637444466029,BmiAax4lqVt,38483539_251609995466030_3743604753245331394_n.jpg,0.5358,1,Delicious buttery pav bhaji ! Nothing like some warm bhaji with buttery pav simple soul food in this season ! 
1846636612840869688,BmgkjcpnE84,38938030_1735723656545752_3032626345566797824_n.jpg,0.5354,1,"So this is the pavbhaji sandwich we had in Supriya fast-food, Ghatkopar. Very yummy in taste. Potatos stuffed "
1850730134082282180,BmvHUBZFeLE,38800247_2004201526289582_7342202328579047424_n.jpg,0.5347,1,Do Pav Bhaji nie mogło zabraknąć Mango Lassi - a do lassi - Elaichi powder - czyli sproszkowanych nasionek (be
1850187598016779461,BmtL9FTn5TF,39241093_253245772184344_3559026612630454272_n.jpg,0.5344,1,#pavbhaji Do you love pav bhaji ??? I love so much it 😍. Kumar Pav Bhaji Corner vala is very old in krishna na
1851361997019492304,BmxW-1nAS_Q,38802417_1007399812754650_923489110478290944_n.jpg,0.5336,1,MENU. -Pavbhaji . PLACE. -Shreenath centre (shreez south indian food joint) . PRICE. -60/- . ADDRESS. -Opposit
1847039593147075062,BmiALlTnQn2,38543310_1829104460499440_2090216650019176448_n.jpg,0.5333,1,Another good place to have Pav Bhaji. This one was loaded with Cheese for just 100 Rs. #thatveggieblogger #pav
1844376503572346260,BmYiqh3gbWU,38893329_223172535065847_5262668146988285952_n.jpg,0.5325,1,Tag someone who loves it 😍😍❤️ . Street Side Pav Bhaji is my all time favourite 😍😋 . #Where - Shree Nath pav bh
1847864751691154302,Bmk7zOFhEN-,38483536_2081485331885854_5761680331023319040_n.jpg,0.5316,1,PAV BHAJI OR MASALA PAV ?😋 OR BOTH ?😍 Malhar Treat's in the House ! What are you craving for today?😋😋😋 #foodie
1841480956025155525,BmOQSxEhq_F,37897677_875086789352155_4036163716478140416_n.jpg,0.5309,1,Lunch anyone?? . . #paobhaji #pavbhaji #pavbhaji😋 #indiancurry #choppedonions #masala #butterbread #peasandcar
1846555729076716895,BmgSKbxlIVf,39022307_899701073569696_2508898600428240896_n.jpg,0.5304,1,Special dinner for special day!! #pavbhaji for celebrating freedom!! 😋 #goodfoodgoodlife #goodfoodgoodmood #ba
1844135821012202527,BmXr8IxAXQf,39079638_2134582950125540_4916740975478439936_n.jpg,0.53,1,Different presentation but same taste. Food truck vs fine dining - what do you prefer? 😀 #pavbhaji #foodtruck 
1843632348546034061,BmV5dpfgWmN,38626066_261354694482176_5051678136270323712_n.jpg,0.5284,1,PAV BHAJI- The dish originated in the 1850s as a fast lunchtime dish for textile mill workers in Mumbai. Pav b
1842196255164089440,BmQy7vTnERg,38191771_246358536210436_4760566051811360768_n.jpg,0.528,1,Trying my first ever ‘pav Bhaji’ 💃 • • • #indianfood #pavbhaji #indian #asian #guju #newfood #cultural #family
1848057178599267626,BmlnjZnBR0q,38628745_363930040811459_6122850805323137024_n.jpg,0.5263,1,"Oh.. it was just so perfect! Ah..... The pavbhaji streetstalls of Mumbai have reached my home,at last! Tried p"
1845025690884033605,Bma2RcqnMxF,38299372_2297045980313152_6777338911392792576_n.jpg,0.5261,1,Pavbhaji Foundae 🤤 Try this different form of pavbhaji at daffodils 23 I am sure u will Love this dish. #food 
1850212986298137040,BmtRuh_HXnQ,39244152_2177626999150336_5143099607542136832_n.jpg,0.5258,1,Pav Bhaji Cheese Dosa🙈❤️ • Pav Bhaji + Dosa Lovers? This is a treat for you. • Malgudi is our favourite outlet
1848012688192304024,Bmldb-sHfOY,38758127_2027463477566101_979512277340258304_n.jpg,0.5241,1,. . . . .#sodelhi #foodgram #foodporn #foodie #foodgasm #foodmusic #music #bhukkad_aadmi #bhukkad #pavbhaji #d
1847033577196598735,Bmh-0ChBbXP,38500510_1994294507255901_5629943754090610688_n.jpg,0.524,1,"there is nothing as super human , being human is super in itself #legend #kalam #beinghuman #pavbhaji #pavbhaj"
1845030412143639166,Bma3WJrnTp-,38271776_315428605947605_505121981172023296_n.jpg,0.5238,1,"Call them 🐅 ""Tiger Muffin"" 🐯 . . . . . . . . . . #pavbhaji #indianfood #food #foodporn #mumbai #streetfood #fo"
1845657038644714539,BmdF0xFnhwr,38766631_2198337577090512_7190243800076255232_n.jpg,0.523,1,PAVBHAJI FONDUE - Mumbaiya street snack served as a gourmet fondue - buttery bhaji and array of soft pavs for 
1842693020032258347,BmSj4npHVEr,38002431_2012389922107547_1052377548568133632_n.jpg,0.5217,1,• Pav Bhaji • Location : @_supremecorner_ Drool Level : 8/10 !! PUNE SPECIAL !! Drooling over the yummiest pav
1847221920313899159,Bmipoytn_iX,37929814_452585521877835_3748467376560013312_n.jpg,0.5192,1,"My first ever recipe video , and it has to be my most favorite dish "" PAV BHAJI "" It's my first try to make su"
1846193070467616868,Bme_tDoApBk,38792571_454172481762540_2658974077829513216_n.jpg,0.5175,1,Jain Pav bhaji @ Birju Pav Bhaji - One of the best know Pav Bhaji centre in Kalyan. Pav bhaji with Spicy Papad
1850633889518462370,BmuxbeqDCWi,39067215_1944447952278272_1422615136916471808_n.jpg,0.5163,1,#zomato #homedelivery #pavbhaji #mumbaifoodie #food #foodporn #yum #instafood #yummy #amazing #instagood #phot
1843681715253405579,BmWEsB0j-eL,38198296_275780986552281_9206137252218929152_n.jpg,0.5163,1,#weekendspecial #yummyfood #pavbhaji #preparedbywifey @shruti0912
1841513495126861412,BmOXsReH-Zk,38666080_644681919235544_2091729895846576128_n.jpg,0.5146,1,In frame: Pav Bhaji Cheese Fondue Price: Rs 349/- Place: By the Drive (Charni Rd) Overall Experience: Food- 5/
1847076300034857224,BmiIhvQntkI,38432018_221456901869695_2651587588778885120_n.jpg,0.5135,1,How much would you pay for this? . . . . . . . . . #pavbhaji #indianfood #foodporn #food #yummy #tasty #mumbai
1844191938712703673,BmX4swcnBK5,38080913_389144478281919_3099522303742967808_n.jpg,0.5133,1,Sunday lunch be like this! Simple yet irresistible mouth watering 😋Thought to get indulge in PAV BHAJI as the 
1848522972047140652,BmnRdlkBOcs,38676401_140892733503327_4108916152426824564_n.jpg,0.5081,1,Cream and butter Pav bhaji at Prathamesh Pav bhaji and snacks Rajiv Nagar nashik Must try Pav bhaji pocket fri
1845783602286137067,BmdimgqgY7r,38508523_1911132389193249_7825236190595907584_n.jpg,0.5079,1,Paav bhaaji🖤 #Indianfood food #foodporn #foodindia #foodgasm #foodblogger #foodstagram #chicken #chickenlove #
1843446777875224005,BmVPRPVl1XF,38161621_522814974839576_819069049534152704_n.jpg,0.5068,1,"@mahu Pav bhaji ,#56dukan using our products #Chuk Eco Tableware Eco-friendly, 100% Biodegradable, 100% Compos"
1845636807065199867,BmdBOW9geT7,38862528_210717499790724_1085268803257892864_n.jpg,0.5065,1,"What: Cheese Pav Bhaaji Where: Delhi Wala Chaat, Puppalguda, Manikonda. Rating: 4/5 Description: Pav pan-fried"
1845627809873878635,Bmc_LbrHV5r,38017561_432744230582399_8131695528938307584_n.jpg,0.5063,1,Lunch Time . today's menu Pav bhaji 😍 Tawa Pulao ❤️ Yummy tasty 💖😋😍 #pavbhaji #tawapulao #mumbai #foodblogger 
1850020582509194496,Bmsl-r_ny0A,39225878_442346292924755_5386671824283107328_n.jpg,0.5057,1,"""First ☝we eat🍲, then we do everything else🤗."" College ki Pav Bhaji👌❤ Price: Rs.60/- YaaY👍 Or Naah👎? Super Yaa"
1847182550403657058,Bmigr4oHC1i,38494674_281183102684287_7989268185700368384_n.jpg,0.5053,1,DP'S SPCL Pav Bhaji## one##must##trythis ##pavbhaji😋 ##pavbhajiluvers ##foodluver ##its ##ur##time ##to##go##a
1848730286362023617,BmoAmaEHVbB,39248385_819924381685962_8606894814494014701_n.jpg,0.5048,1,One of the most popular and delicious fast food across India. . PAV BHAJIII This spicy and tangy Bhaji with cr
1847079905969771548,BmiJWNjFxQc,38699804_314799469268356_6231917965046972416_n.jpg,0.5042,1,#gj_blog #guwahati #assam #food #pavbhaji #south #southindian
1844351077600978434,BmYc4iFg-YC,38540812_2227445804151077_6732166309389271040_n.jpg,0.5038,1,#homemade #pavbhaji #paobhaji #vegetables #mashedveggies #veggies #greenchutney #eveningsnack #newdelhi
1843367274011044340,BmU9MTmAin0,38446203_2003653893018652_5780310565906014117_n.jpg,0.5022,1,Side effects of living in Mumbai😊 #pavbhaji #pav #bhaji #breakfast #weekend #weekendvibes #mumbai #home #healt
1846590755760491980,BmgaII6n83M,38298822_2144299135827604_7504185800376975360_n.jpg,0.5013,1,"In the Picture: Special Cheese Pav-Bhaji [110₹] at Cannon Pav-Bhaji(Jai Jawan Stall), Fort, Mumbai. . . It mig"
1841610339836135768,BmOttjInolY,38713558_1003316959850173_5027817359558049792_n.jpg,0.5002,1,An awesome Bhaji being prepared to be devoured with pao drenched in butter! What a dish! #bangalore #bengaluru
1842011146576532640,BmQI2DgARSg,37731141_216239472384564_6271900945181835264_n.jpg,0.4991,0,#worldbestfood #homecooked #indianfood #mumbaistreetfood ##athome #foodofinstagram #pavbhaji #lovers #foodporn
1850040262644912904,BmsqdEjHtMI,38644288_647746098932858_5456905723667546112_n.jpg,0.4986,0,Tag someone who loves Pav bhaji😋 _ Follow @_braidsandbrownies_ @_braidsandbrownies_ @_braidsandbrownies_ _ #pa
1843494723818709605,BmVaK8ehWJl,38097038_2122061014715756_9206519860790558720_n.jpg,0.4961,0,#bombaypavbhaaji #butterallaround #choppedonions #lemondrop #pavbhaji #streetfood #servedsowell #tastelikehome
1850670699352354426,Bmu5zIfHu56,38813874_515634092211061_5915203185399562240_n.jpg,0.493,0,"Pav bhaji @kumarpavbhaji ONE OF THE BEST IN DELHI.📍 Not only pav bhaji, if you want to eat some mumbaiya style"
1847955616776026191,BmlQdeyn3hP,38497180_602325520162279_4360360058572242944_n.jpg,0.4929,0,Pav Bhaji is one of my favorite dishes. I really love the crispy pav with butter on them accompanied by spicy 
1847144531921810182,BmiYCpKATMG,37911847_689547778068013_7511770768456286208_n.jpg,0.4928,0,#Repost @thefoodiemonk (@get_repost) ・・・ PAO BHAJI BRUSCHETTA . sliced garlic baguette topped with mumbai styl
1849229476064451658,BmpyGktANxK,39088896_209475856591481_8625982974069833728_n.jpg,0.4926,0,#pavbhaji #mexicannachos . . . #nachos #waahpune #wahhpune #socioculture
1850517452469724787,BmuW9GNHmZz,39486298_575027846233552_211493612813287424_n.jpg,0.4912,0,#foodie #foodiesofinstagram #instafood #love_graffiti_life #pavbhaji #vegeterianfood #indianfood #awesome #foo
1843672634869790098,BmWCn5DhbWS,38428866_506388213120350_110161100779028480_n.jpg,0.4909,0,Really happy to share the pictures that our customers have sent us.. Thank you for believing.. More orders on 
1842444316922691462,BmRrVg0nT-G,38477228_444772592690386_4045950448002138112_n.jpg,0.4907,0,Home Comforts ==================================== Sometimes you can't run away from the #classics! __________
1844283076367003415,BmYNa_AHq8X,38039078_309408253148621_6323030533680922624_n.jpg,0.4891,0,PAV BHAJI #tasty #delicious #food #foodie #delhite #momsfood #homecooked #homemadepavbhaji #pavbhaji #homemade
1849288061794131198,Bmp_bG6nBz-,38784947_211405426391722_8510103171580821504_n.jpg,0.4888,0,Have you tried our Pav Bhaji? Come visit us at @dosaplaza_ranchi for some delicious Mumbai style Pav Bhaji! #d
1842803359930025123,BmS8-RrhoSj,38710809_162257714594671_674165047764713472_n.jpg,0.4882,0,Yummilicious Street Food of Mumbai ♨️ . Pav Bhaji 🧡 . . . #mumbaifood #eatmumbai #mumbaifoodiye #mumbaifoodblo
1845852729625754889,BmdyUchBz0J,38467922_452101365199572_1755084565275213824_n.jpg,0.4875,0,Home made pav bhaji ❤ #food #life #foody #indian #indian_food #love #foodislife #tasty #yummy #loveisfood #mou
1850025382812589770,BmsnEioAB7K,38999782_2027235150940586_9134846077915103232_n.jpg,0.4874,0,Chesse Masala Pav Bhaji..!!! The bestest pav bhaji i have ever had in my life!!!! . . #chaat#pavbhaji#chennai#
1845002472758809386,Bmaw_lGgZMq,38429522_267159883890226_1377462661129699328_n.jpg,0.4864,0,"Homemade Vegan Pav Bhaji ( Thick vegetable curry with soft bread rolls) Bread: Flour,oil,salt,water,blended fl"
1846512321696703051,BmgISxgHSJL,38806992_303447923538288_8371933060056219648_n.jpg,0.4859,0,Healthy diet is good but little pav Bhaji is best .😋 #foodmania #pavbhaji #cheese #cheeseburgers #yummy #india
1842253700410530838,BmQ__rXHlwW,38081664_294687084625446_427876878389346304_n.jpg,0.4846,0,#pavbhaji #hotchat #tea #iranichai #indianchat #food #eat #eeeeeats #indianfood #foodie #foodies #lovetoeat #y
1848117201161493601,Bml1M1-hRxh,38471016_413729629152339_1643043622310673373_n.jpg,0.4844,0,#cheese #pavbhaji #sardarpavbhaji #cheesy #food #foodie #mumbai #mumbaifoodie #mumbai_igers #love #cute #aweso
1850684086790427432,Bmu818gnJMo,39341849_2353602357985031_4527687288984963018_n.jpg,0.4833,0,That irresistible Sardar Pav Bhaji 😋 . . #mumbaifood #mumbaifoodie #mumbaifoodblogger #pavbhaji #trelltalemumb
1847828044259899951,BmkzdDoHbov,38430868_236052843762324_6725504329781870592_n.jpg,0.483,0,Mumbai's Pav Bhaji from Johny’s Vada Pav (East Patel Nagar) Follow @oi.foodie Pic Taken On: 24th July 2018 #oi
1843454162182236264,BmVQ8sglmho,38145684_319795075424685_7845814860674760704_n.jpg,0.4828,0,Hostel diaries... Aaj aapki mees ne aapko kya khilaya? 💁🏼 . . . . . Follow- @uttapamlover for more chatpati ho
1850271838834026420,BmtfG8rnGe0,38731786_308714076563386_6040677579755618304_n.jpg,0.4825,0,Do you like grilled sandwich and pav bhaji? If yes then try this amazing combination of veg cheese grilled san
1842637034571439121,BmSXJ7HnBwR,38198287_276472063149184_8168870330606026752_n.jpg,0.4813,0,#Repost @food_thrills with @get_repost ・・・ Pav Bhaji Cheese Fondue - Cheesy desi fondue with butter crispy bre
1849276204421334995,Bmp8uj4HcfT,39023053_1929034337134770_7192697158410174464_n.jpg,0.4812,0,#Repost @clickingfoodfashionfromsurat with @get_repost . Thanks for your review. Awaiting your next visit. ・・・
1850134187992889701,Bms_z3WHzll,38928307_717421345273827_9074470425555107840_n.jpg,0.4782,0,"Can you guess the name of the dish? I bet you can't!! 👩‍🔬 . This is "" Mumbaiya pav bhaji French fries""(as the "
1843331114219998379,BmU0-HKggyr,38072535_1628321220627337_7988746025051357184_n.jpg,0.4781,0,@gasofast_in @gasofast_in #ChaiPeCharcha #pavbhaji #chai #tea #cutting #onion #food #foodporn #foodie #foodgas
1847335112019516172,BmjDX8tB5sM,38301840_507631899697852_2399405276869427200_n.jpg,0.4776,0,📸@thetravellingbeee Pav Bhaji . . . #foodmaniacindia #mumbaifoodlovers #illgramers #flashesofdelight #mumbaifo
1841877295088735804,BmPqaQlnxY8,37815417_1740856696034275_8656948760561057792_n.jpg,0.4774,0,Tonight was satisfying cravings but with an healthy option.So thanks to Rekha @rekhakakkar @mytastycurry we ha
1849962367070526725,BmsYvipFF0F,37530002_313457972533559_2009138555212791808_n.jpg,0.4773,0,"Pav-bhaji for lunch today !! I had to clear all tit-bits of veggies from fridge today , so I put them all toge"
1847047373111328253,BmiB8y9nn39,38854958_530477390723533_3640751357712924672_n.jpg,0.4756,0,Pavbhaji has a new look now... Looks interesting isnt it? Well it is something new to try on..it has no of var
1845959172455990468,BmeKhZIHQTE,38811860_211487489724618_3603312677549506560_n.jpg,0.4752,0,Spice Klub - A very colourful Indian fusion restaurant with wonderful atmosphere and jaw dropping food present
1847781269464996444,Bmko0ZNFNpc,38434450_412054012532037_5330757672281047040_n.jpg,0.4739,0,#garnishing #workinprogress #a1foodjunction #orientalchinese #pavbhaji #foodie #foodlover #bonappetite
1842229529332704207,BmQ6f8SnGPP,38170711_2188763798025226_2282742592036667392_n.jpg,0.4726,0,#dinner_with_my_beloved_famliy #enjoyment_pavbhaji #yummy_pavbhaji #happyweekend #spicy #yumm #meltedbutter #f
1850734186030454593,BmvIO_EBFdB,38874793_311143939641453_8786195690981163008_n.jpg,0.4719,0,"#Repost @foodie.dada (@get_repost) ・・・ Cheesy Pav Bhaaji, at Spicery — it’s an iconic Mumbai Street food and h"
1844190777887171025,BmX4b3WBCHR,38476230_983956328442650_3891925099632132096_n.jpg,0.4714,0,That expression at the end.. Full paisa wasool haan Kavita @romancingthefood? 😍 . #pavbhaji #streetfood #delis
1848760575855621488,BmoHfLWnvVw,38514438_2042119849133700_385092922447495168_n.jpg,0.4706,0,"SPICY MASALA PAV BHAJI Loads of butter on top of bhaaji. That's how it is at Arjun Pav Bhaji, Model Town. One "
1844062913204486171,BmXbXMFBoAb,38147294_257254428428946_3775105901896138752_n.jpg,0.4677,0,"#Repost @thefoodictionary (@get_repost) ・・・ Another day, another delectable dish to begin with.. Let's start t"
1846500901311609955,BmgFslcHfxj,39102493_448359382351522_561081810151276544_n.jpg,0.4671,0,Pav Bhaji Fondue • 🍴🌸Follow me on my food journey @foodaniya on YouTube & Instagram🌸🍴 • @foodaniya @foodaniya 
1848671823333694595,BmnzTqIFByD,38465757_225328218160392_5921711697235542016_n.jpg,0.4668,0,"DISH:-PAV BAJI PRICE:-₹40/- TASTE:-5/5 LOCATION:- MAHARAJA SWEET& SAVIOUR,near mehbas masjid,super market,GLB "
1843565980632931586,BmVqX3jnt0C,37963402_2092222291095527_8854538842682687488_n.jpg,0.4664,0,"#MustTry Flatbreads with fabulous toppings @karlo.art.kitchen Pav-bhaji, Noor-e-Tandoor & Rome-Ance. #KarloArt"
1849951441655858024,BmsWQjjnoNo,38466086_250020025651744_3792293046754738176_n.jpg,0.4641,0,"A late breakfast but truly deserves to be shared with you guys. Home cooked ""Pav (English oven) Bhaji"" by my b"
1843428800618849164,BmVLLotnGOM,38749070_150837845782147_1166128198329565184_n.jpg,0.4623,0,#pavbhaji #pavbhajiburger #burger #nostalgia #modern #indian #indianfood #hitchki #style #styleblogger #onion 
1842707989871452250,BmSnSdZD-Ba,38151466_282771672529322_271341555426525184_n.jpg,0.4609,0,"The only vegetarian dish i love the most😂 So tempting, isn't it??😋 . . . . . #streetfood #streetstyle #foodblo"
1846416897396797197,BmfymKsnW8N,38866418_2119932694935264_3275716628322451456_n.jpg,0.4605,0,#pavbhaji#eeeeats#lovefood#yum#delicious#foodcoma#instagram_food#instafoodie#instalike#instagram#foodblogger#f
1849164840952427883,BmpjaAkHHVr,39074634_1058637617632084_6570131774725160960_n.jpg,0.459,0,"Straight from the Maharashtrian Menu :- ⚡PAV-ER UP with Pav Bhaji 2.0 feat. Cheese Masala Sliders, Dabeli Bao "
1847421622013690225,BmjXC1agIFx,39022303_463328377515899_3671141322233741312_n.jpg,0.4581,0,"Yeh dekh, main bas itna hi samajh paya ki zindagi ki yeh ragdam ghisai (struggle) acche swaad ke liye zaroori "
1845852919576922511,BmdyXNbAAmP,38782332_875903665940216_4422132859498659840_n.jpg,0.4579,0,#foodporn #foody #foodybuddy #Bhimavaram #Madhurams #pavbhaji
1849817540562685665,Bmr30Ccho7h,39205925_280198589444337_4622366111738888192_n.jpg,0.4578,0,#foods #foodie #foodpics #southindianfood #chinese #pavbhaji #fresh2you #dinner #breakfast #followforfollowbac
1842957482710697999,BmTgBDtHogP,38258407_1709523605812190_6567561606165692416_n.jpg,0.4572,0,"My sort of Friday ..😍 . . I had this amazing, mouthwatering pav bhaji for my lunch. It was simply worth it. Th"
1842624368645283222,BmSURnDlJ2W,38769100_1515515031882596_4754285353630695424_n.jpg,0.4559,0,Bored of the usual food? Wanna have something unique for dinner? 🍲 Try out the 'Do Dil Mil Rahe Hai' fusion di
1844967393639879457,BmapBHIFVMh,38696728_220416551949292_439735897273925632_n.jpg,0.4546,0,"Do try achija’s farali menu. Its amazing and Farali pavbhaji is the best. Its a huge surprise, like how pavbha"
1846192584583917731,Bme_l_HFbCj,38478838_1898469347115276_3109973251959291904_n.jpg,0.4538,0,#Pav और #Bhaji ने साथ आ कर ना जाने कितने पुन्य किये – देख के साथ इनको दिल कहता है ये हैं #EkDujeKeLiye 💕 #BFFs
1847071474655837810,BmiHbhRnj5y,38626419_1833490326700600_8518884876462587904_n.jpg,0.4535,0,For All Pav Bhaji lovers❤️ #pavbhaji #pavbhaji😋 #mixveggies #mixvegetables #homemade #indianfood #indianfoodie
1843592899187936634,BmVwflah416,38870480_481783258954823_7580875297600307200_n.jpg,0.4517,0,#yummy #south #delhi #pavbhaji #pavbhaji😋 #pavbhajifondue #delhi_igers #delhigram #southdelhigirls #southdelhi
1843749848575234695,BmWULf7AdKH,38081119_923490604528592_5025652906494263296_n.jpg,0.4515,0,#PAVBHAJI PARTY😋
1844890244357581954,BmaXecQhGyC,38202126_422195188187618_2483945235575472128_n.jpg,0.4498,0,#mondaylunch #lunch#junkfood#pavbhaji #cuisine#loveforfood#foodies#instafood#foodfood#foodphotography#taste#fl
1847019501273412184,Bmh7nNSnvJY,38244517_1853181128134490_4188284873917595648_n.jpg,0.4492,0,"Pro tip: Be a Pav to someone’s bhaji!!!💖 . . In the picture: Pav Bhaji . . Where: Keshav Foods, Brampton. . . "
1847796415624330221,BmksQzKhzvt,38425719_224569061550138_437041539735093248_n.jpg,0.4482,0,You must have heard of pav bhaji... But this is a twist in it.. Its masala pav which is as tasty as pav bhaji 
1855260515926239263,Bm_NZwRl2gf,39134930_335164943725203_1821110887063224320_n.jpg,0.4467,0,Some Mumbai Street food. The coloured bottles are for #gola The famous #Pav #bhaji and #cheese#pavbhaji #yolo#
1850180674445571646,BmtKYVOnvY-,38302174_1470423589724719_4840648470119317504_n.jpg,0.4459,0,Perks of being friends with someone who loves to cook @peregrinuslife @haveaclick .. 😋😋 #lastsaturday #pavbhaj
1817190905996760747,Bk39YBJAdar,35617274_151944392249248_7409843987567083520_n.jpg,0.4423,0,@foodtalkindia #loveforfood#pavbhaji# @foodyeating @thepunefoodie @tasty_pune @pune_food_blogger @mankar_dosa 
1847868366813808100,Bmk8n07nkXk,38251021_309666803115841_6430430653388423168_n.jpg,0.4404,0,"~ Keema Pav - Bhajia Pav - Anda Bhurji Pav ~ The classic Pav from Mumbai, now serving at your favourite restau"
1847856188257961111,Bmk52mxH4SX,38795875_463566994158313_908460092196651008_n.jpg,0.4401,0,"Farali Pav Bhaji 😍😘 Yassss, now u can eat this mouthwatering plate of pav bhaji even when you are fasting 😍 Fa"
1843604583696699177,BmVzJndhg8p,38072565_224107544954851_2807134025586573312_n.jpg,0.439,0,#gharkakhana #southdelhi #delhi #gurgaoun #gurugram #pavbhaji #pavbhaji😋 #pavbhajifondue #delhi_igers #delhigr
1847200863246642528,Bmik2XynG1g,38757440_275652246362758_5543541415960641536_n.jpg,0.4373,0,Evening snacking done right!😍😍❤️🔥 What's your pick pav bhaji or bharwa golgappe? Mine is surely the golgappe ❤
1849994249167073157,Bmsf_fKHm-F,39013981_2139004946422411_7386011991430660096_n.jpg,0.4342,0,#pavbhaji #pavbhaji😋 #pavbhajifondue #delhi_igers #delhigram #southdelhigirls #southdelhifoodies #southdelhied
1841963847267840072,BmP-FwlgvBI,38467981_235191763800080_8758169779539279872_n.jpg,0.4328,0,Perfect meal for the day 🥄🥄 PAV-BHAJI with green CHUTNI and ONION makes it next level YUMMY ~ ~ GOLI VADA PAV 
1842100280118693739,BmQdHHlH09r,38636629_1168289216643219_5366627933467181056_n.jpg,0.4322,0,#Repost @jhakaasflavoursofmumbai with @get_repost ・・・ In frame: Pav Bhaji Cheese Fondue Price: Rs 349/- Place:
1848582528338660013,BmnfAPrnoqt,38898890_359210291283742_4130879131313242112_n.jpg,0.4317,0,“Pav Bhaji in the Bun” 😍 @sohyderabad @lbb.hyderabad @chaipanihyd . Pav Bhaji – a spicy curry of mixed vegetab
1848722062428896889,Bmn-uu7gH55,37977714_251804615671371_7593958536783069184_n.jpg,0.4315,0,Shahi Paneer Pav Bhaji for a Shahi Weekend!! Homecooked Pav bhaji served with spicy garlic and red chilli chut
1843388702013966267,BmVCEH-gse7,38057967_249608222335938_6488432202446012416_n.jpg,0.431,0,Vada Pav😍😍 Apko Pav Bhaji zyada pasand hai ya Vada Pav?? Tag your friends🤗🤗 . . Had it at Kumar Pav Bhaji Corn
1848838415200510533,BmoZL45H2JF,38849599_893368220854542_5534589694798462976_n.jpg,0.429,0,Spicy Spices brings to you all the exciting and perfect blend of indian spices which are prepared specially to
1841885878638956726,BmPsXKpFVC2,37982628_2108029812769561_7734379649257439232_n.jpg,0.4275,0,#homemade #pavbhaji ... dinner is served! #vegetarian #veggie #omnomnom #tasty #indianfood
1846457712704250076,Bmf74G6hGDc,38261760_352535745286772_669568320361463808_n.jpg,0.4274,0,Cheesependence day #delhi #southdelhi #indian #food #paneeertikka #yummy #tandoori #tandoori #pavbhaji #pavbha
1849294915421190256,BmqA-12nbhw,39080660_2205817899699989_7773087728480026624_n.jpg,0.4273,0,Pav Bhaji fondue 🍞🍅 #carbiedaphiesg #carbiedaphie #carbiedaphievegetarian Decided to try something different i
1847064498655791029,BmiF2AXnQe1,38760403_2090019237924686_4838449760396378112_n.jpg,0.4269,0,My friend suggested me this place and the dishes that I should try here and to be honest the taste was amazing
1843560005779252544,BmVpA7CluVA,38890044_1865367977091310_6077790688513097728_n.jpg,0.4258,0,Pav Bhaji Cones (Rs.230) is a fun way to eat your favourite Mumbai fast food at @145cafeandbar Bandra. #pavbha
1844441131983988091,BmYxW_xBmV7,38787046_954218311429351_5426941437650403328_n.jpg,0.4247,0,#punjabifood #delhi #southdelhi #pavbhaji #pavbhaji😋 #pavbhajifondue #delhi_igers #delhigram #southdelhigirls 
1848469136663776599,BmnFOLdHg1X,38708037_464003100766020_8496342160788946944_n.jpg,0.4237,0,"Are you drooling for this hot and delicious pav bhaji fondue? . Location: 90ft. Above, borivali west, mumbai ."
1848032244938272809,Bmlh4kVA3Ap,38784949_896302007229727_3833333692651012096_n.jpg,0.4231,0,La Tour de Street Food #juhubeach #streetfood #pavbhaji #cola #kulfifalooda #pan
1846547176010556262,BmgQN-HHCNm,38422519_1634160003372907_1289181111598972928_n.jpg,0.4227,0,Pav bhaji .... . . #foodie_forever #foodelicious #foodie_who_loves_food #foodiesofmaharashtra #foodiesofinstag
1850212741701970001,BmtRq-MDChR,38738117_260398127916678_3561332056585666560_n.jpg,0.4216,0,Missing your delicious foodnbites in shravana upwas ? This shravana give a great spa to your taste buds. Hog o
1843327721943287658,BmU0Mv3D0dq,37961953_1770022599701038_3372811897421168640_n.jpg,0.4208,0,"Pav Bhaji Fondue, a perfect cheesy treat to drool over! . . . #AmanziSkyDeck Mumbaikars #Mumbai #Foodie #chees"
1849847557837208261,Bmr-o2NgrrF,39205895_508711136267345_2424792317454974976_n.jpg,0.4204,0,Pav Bhaji Fondue. This dish was quite mild. Not that anything is wrong with that. Once its all mixed the flavo
1846460298190802210,Bmf8du1hk0i,38643386_496343577457470_302218272885964800_n.jpg,0.4202,0,#deshbhakat #jelly #delhi #southdelhi #pavbhaji #pavbhaji😋 #pavbhajifondue #delhi_igers #delhigram #southdelhi
1844279368694515480,BmYMlB9nkcY,38915382_515813355542554_9172180914359238656_n.jpg,0.4183,0,"Now, I am a street food lover and the moment I hear street food, the first thing that strikes my mind is 'Pav "
1844460229674553483,BmY1s54FlCL,38427896_442208756188289_1871269151528452096_n.jpg,0.4183,0,Cooking Series -01 If i ever called u for a meal comment between above 2 dishes u'd would love to try 😹😹😹🍽👍 . 
1841525718033248696,BmOaeI8HjG4,37939745_268403233956775_5378448559639101440_n.jpg,0.4171,0,"#Day09 #100HappyDays #DayNine Starting off the day with late night bike ride to bus stand, to ending with it t"
1849847221906932323,Bmr-j9WgYJj,37166644_504524376641825_5841394357101395968_n.jpg,0.4164,0,Pav Bhaji Fondue. This dish was quite mild. Not that anything is wrong with that. Once its all mixed the flavo
1850207561066046983,BmtQflWFWYH,38819812_305301896904263_7156562121080176640_n.jpg,0.4124,0,A #carbfree start to the day...#vegan and #glutenfree #sprout and #vegetable #pavbhaji and #cafelatte with a m
1842538530895600419,BmSAwgbAJsj,38649675_639411213101708_7493690906055278592_n.jpg,0.411,0,#pavbhaji #chaats #madurai #maduraifood #indianfood #famousfood #freefamousfood #freecoupons #promotions #free
1843993558600897511,BmXLl8kg9Pn,37899792_274412890015565_1694039117060374528_n.jpg,0.4095,0,#Pavbhaji the staple food of #Bombay aka #Mumbai. So yesterday we went to K-mart to buy some baking stuff and 
1846471064433836664,Bmf-6ZrncJ4,38481848_524549667999475_7505924884174733312_n.jpg,0.4093,0,#pavbhaji #cholebhature #samrat #masalachowk #jaipur #rajasthan #goodfood #foodie #foodlover #iamlovingit
1848687680059953905,Bmn26Z2nVLx,38696717_259367298220684_1492186331437072384_n.jpg,0.4058,0,"Cheese Pav Bhaji transformed into a mousse and served in a fondue pot, what more can you ask for? Spice Klub i"
1847739607308077237,BmkfWITBIi1,38450803_299165513968975_7655983606908583936_n.jpg,0.4043,0,How good can it get? 😍 . . #foodporn #jaipurdiaries #pavbhaji #foodie #foodgram
1846493725193088744,BmgEEKKHy7o,38802746_278068999658568_8508451425943027712_n.jpg,0.4028,0,Pav Bhaji Fondue from @spiceklubdubai 😊 The yummiest version of pav bhaji we’ve tried in Dubai. Amazingly chee
1850734980852645582,BmvIajTHH7O,39390115_1033636653474166_4046276088127553536_n.jpg,0.4021,0,"When desi meets mexican, our PAV BHAJI NACHOS are made. Try them today for a flavorful Eid-Al-Adha! #chatoriga"
1843536526233702869,BmVjrQAnhHV,38097158_252299395602115_776517653186478080_n.jpg,0.3996,0,PAV BHAJI FONDUE 😋 At ~playteria (mulund) @playteria . . . . .follow⬇⬇⬇⬇ @hungerfactory @hungerfactory . .#ins
1845691587653550798,BmdNrhXBELO,38627315_533967753693743_8108570733526908928_n.jpg,0.398,0,When Pav Bhaji goes International for Higher Education 😋 - Presenting ' Indian Fondue ' from @dramebaazdelhi !
1849391976194165919,BmqXDQvgsyf,38989815_309626299797707_4272171134306222080_n.jpg,0.397,0,Spice up your weekend Shop at www.spiceplatter.com #SPicePlatter #PavBhaji #Tangy #Spicy #Spice #Taste #Rajast
1842167952402822453,BmQsf4TlDU1,37905713_224443601588727_911389886957748224_n.jpg,0.3967,0,Would you like to have some ? . . . Follow @unblushedlife for more food and lifestyle posts. . . . . . #unblus
1850060995265812354,BmsvKxTn9eC,38713543_240110029956781_7282215332104634368_n.jpg,0.3951,0,"#Repost @thesavoringchef with @get_repost ・・・ Gotta love pav bhaji. Pav bhaji is my comfort food, what's yours"
1853888270301960560,Bm6VY88nJlw,39747955_253565175487492_4599960229428330496_n.jpg,0.3941,0,The owner of the shop likes to call this creation as #pavbhaji hotdog. Located outside hcl near #amityuniversi
1850166564117489222,BmtHK_9hyZG,38721552_485921398546919_6975918034288377856_n.jpg,0.3913,0,Cravings are justified when it’s Pav Bhaji Fondue. . . . . . We totally understand..!! #restaurant #cafe #fond
1849140317400440272,Bmpd1JOgZ3Q,38431784_1895786423820272_340293905289314304_n.jpg,0.3856,0,"Where:- Cream Corner , itwari teenal chowk . What:- Crispy Veg 🍲 Price:- 150rs Ratings:- 🌟🌟🌟🌟 . We also had Ma"
1844862781975836108,BmaROz7AjXM,38097610_2255500484673419_4101712038470877184_n.jpg,0.3856,0,"#GGxAhmedabad: If you're in Ahmedabad, don't miss out on eating here, they said. This 15 year old eatery has a"
1849310066572631977,BmqEbUdnZ-p,38628676_1940877679289034_582746956632162304_n.jpg,0.3843,0,"#sunday.. Time for #cooking .,. #pavbhaji ... #diy #foodie #tasty"
1847272368922588733,Bmi1G6pBnY9,38618231_317657782145770_2327674035921485824_n.jpg,0.3823,0,Show Must Go On #delhi #atal #bjp #southdelhi #respect #legend #happy #pavbhaji #pavbhaji😋 #pavbhajifondue #de
1846458924799464177,Bmf8JvxBZLx,37817648_276178992974847_4736667951833284608_n.jpg,0.3816,0,Democratic Food #merewalafood #delhi #southdelhi #Cp #pavbhaji #pavbhaji😋 #pavbhajifondue #delhi_igers #delhig
1848601866628261077,BmnjZp3gGTV,39348557_1672528019541301_6320770539069636608_n.jpg,0.3811,0,लखनऊ के मांसाहारी खानपान के चर्चे तो विदेशों तक में हैं लेकिन यहां के शाकाहारी व्यंजन भी कुछ कम नहीं। इन्हे खा
1843824392472950566,BmWlIQVjPcm,38465759_610209252707711_3168862128375332864_n.jpg,0.3808,0,Lunch for Friends in Rio . Mixed vegetables with Pão #sulaindiana #coisaindiana #comidaindiana a #indianfoodin
1849703669832637153,Bmrd7AEHFrh,38468333_457722394747860_8850372397988052992_n.jpg,0.3802,0,Morningtea#old#friends#honest😍#pavbhaji#pizza#lotsof#talks.
1847039206162282406,BmiAF85hbem,38427201_277963179669807_7629119226422231040_n.jpg,0.3799,0,First time making Pav Bhaji at home and it turned out perfectly. I first tried Pav Bhaji at @1947.nz and have 
1842635009628193889,BmSWsdPlkRh,38081741_861221130750421_9029106027492016128_n.jpg,0.3796,0,Be here to relish the amazing varieties of #mumbaiflavours 🍴 #pavbhaji #chennaifoodie #chennai_trendies #foodb
1847666029822372966,BmkOnb7Hmxm,38821014_444977952662492_6933533922621915136_n.jpg,0.3792,0,And at times some kinda food leaves you speechless.🙂 . . . I love their packaging though.🙂 . . #shotononeplus#
1848499345685286734,BmnMFxzHQ9O,38748032_232252877493336_7332560620920766464_n.jpg,0.3789,0,"Breakfast be like 😍❤ Which will you choose ? 😋 Comment down ↓↓ . . . Place:- Nathu Sweets, Rajouri Garden . . "
1849831218323784708,Bmr67E2ngQE,38941475_1895249123829113_4236967671087759360_n.jpg,0.3774,0,Din ki shuruwaat garmaa garaam teekhe-chatpate chole aur chutney main doobey hue samoso ke saath !! Saath main
1854593374445374623,Bm81tkWnAyf,39486320_327124367855971_9185503189946859520_n.jpg,0.3767,0,"PAV BHAJI. __ FOOD from one of the popular eating joints of East Delhi, Krishna Nagar. Kumar Pav Bhaji is defi"
1849320136819138010,BmqGt3HFN3a,38627269_163328637897776_7207073774176350001_n.jpg,0.3754,0,"When your Mommy has got magical hands,you really don’t have to rely on outside food 😍😋 #art_i_stic #momsmagic "
1841967075180882007,BmP-0u0HyhX,38505447_252924232097340_1446171546476347392_n.jpg,0.372,0,#pavbhaji #earlymornings #breakfast #truelove #mumbaipavbhaji #vforveggie #veggies #veganfood #v
1845697452347493543,BmdPA3SBAyn,38059715_309899646430814_5228031490603876352_n.jpg,0.3713,0,"#pavbhaji #homemade #cravings 😋 ~ Thick veg curry ~ ... #indianfood ... boiled, mashed and fried assorted vege"
1844981414108219737,BmasNItHklZ,38301833_281316039120650_1836278924846301184_n.jpg,0.3693,0,"Indian Snacks from the Markets 😊 but these are not typically Indian snacks! But nevertheless, Indians love the"
1849593394851085750,BmrE2SfAf22,38771618_287419111847941_3124430743237820416_n.jpg,0.3669,0,I think the best #Indian food outside of India has to be in #London! I am in Bombay right now but still thinki
1845078062532441426,BmbCLjkHLVS,38782338_1891563111149417_3464130293772845056_n.jpg,0.3666,0,Pav bhaji fondue.. A spicy fondue having mix of all mashed vegetable and spiced up with pavbhaji masala and ot
1842209219489535467,BmQ14ZRn5Xr,37989036_986127971598381_740925731650928640_n.jpg,0.3651,0,"""Pav Bhaji Fondue""❤️ . It is a dish which we all love, it is more that just a scrumptious dish it is an emotio"
1841573138020468297,BmOlQMPnIZJ,38220757_2073815309552185_5968967478636707840_n.jpg,0.3634,0,🙂🙂 . . Regrann from @nikfoodamour - If you follow my IG stories you would know I put a Vada pav (Indian burger
1847640742136963244,BmkI3c7nOCs,38852572_2226339964061011_344062902300311552_n.jpg,0.3625,0,#perlengkapanhajimurah #hajiwon1023 #hajilane #rayahaji #mukenahaji #hajiplus #hajilitto #omidhajili #jilbabha
1847028313529763430,Bmh9ncWB8Zm,38265299_2015254552118285_4224317317363793920_n.jpg,0.3619,0,"N A G P U R In pic- Pav bhaji I am a huge fan of pav bhaji, who else loves it? 😋 Follow @taste_trix for yummmy"
1853607741493266214,Bm5VmuInscm,39269276_1834147349984885_7578993251521134592_n.jpg,0.3619,0,#SimpleSaturday cravings... PAV BHAJI with dash of butter and lime.... Classics never fail to please you! . At
1842635593710288817,BmSW09Nl7-x,38081124_2050455838602423_9090131590008274944_n.jpg,0.3616,0,Pav Bhaji! Mumbai Chai Festival at ChaiJaai. #chaijaai #mumbaifestivalchaijaai #mumbaistreetfood #pavbhaji
1842789530000713479,BmS51BjgGcH,38081068_1084460911702358_4676826773793538048_n.jpg,0.3615,0,"“BEST PAVBHAJI IN THE CITY”. Pav Bhaji is a Maharashtrian Food that originated inMumbai, Maharashtra, India.Th"
1850153090368732739,BmtEG7jhP5D,38772602_390256441510003_4781750106120519680_n.jpg,0.3571,0,#chatpata #vadapav #pavbhaji #indiansnacks #streetfood #chatpataindia
1841497357609173717,BmOUBcPHYLV,37984966_2264495856900283_1031529356406554624_n.jpg,0.3556,0,"Swipe right to view all the pictures!💙 _________________________________________ The Leaf, Malad, is place kno"
1844261990786598731,BmYIoJhlwdL,38718995_263592770913081_4388335942235062272_n.jpg,0.3554,0,Lunch today: Pav Bhaji fondue. 🤤🤤😋😋 #pavbhaji #fondue #homemade #vegetarian #indian #streetfood #food #foodblo
1843668650399045828,BmWBt6OjxjE,39033794_229372924435199_7240730367546621952_n.jpg,0.3548,0,Pav bhaji Dosa #fusion #food . . . . . . . . . . #food #foodoholic #foodphoto #foodgraphy #foodie #foodgasm #f
1847142516048852478,BmiXlTunPX-,38147626_299500167475411_8207748052446871552_n.jpg,0.3534,0,"""PavBhaji Fondue"" ... Yes enjoy your desi Pavbhaji in Fondue style..@teavillacafevesu. The Fondue pot,with a c"
1845070033810960828,BmbAWuPBTG8,38731789_254289951856287_8257387188509999104_n.jpg,0.3533,0,When you can't decide between Dosa / Pavbhaji.. Go for Pav Bhaji Dosa.... #pavbhajidosa #delicious #tastyfood 
1846458550685930456,Bmf8ETWHhPY,39326615_277373179728922_2971701044767096832_n.jpg,0.3501,0,Happy Independence Day 🇮🇳 . . . . . . . . #iamaloknath #flag #india #independenceday #foodporn #foodie #food #
1850544727105915810,BmudJ_sHsui,39184720_2174639636089509_7312957891965616128_n.jpg,0.3492,0,#PavBhaji At Shiva's Coffee Bar A Perfect Food To Satisfy Your Hunger.#PavBhaji #Shivas
1845425586555421212,BmcRMsiDYIc,38626425_286872888785411_8625854339799318528_n.jpg,0.3481,0,That spread 😍😍 Follow @blowbudgetfoodie #misscravingbuster #pavbhaji #creamcentrenagpur #creamcentre #nagpur #
1847354395617257581,BmjHwj9Beht,38420518_2194999354068781_5107256207081472000_n.jpg,0.3471,0,When you combine the tastes of two of your favorites..#pavbhaji #taco #fusion
1844517289129182821,BmZCrOonIZl,38628724_446143095878595_8655873326519943168_n.jpg,0.3452,0,Yummy Pavbhaji #MasalaDaba #pavbhaji #vadapav🍔
1847073767445485082,BmiH84mh9Ya,38474410_699250297074271_3481929209478119424_n.jpg,0.3436,0,"Bombay special Pav Bhaji, loaded with extra cheese 😍😍. Anytime Anywhere 😋💚. ______ Dosa Plaza, Nerul, Navi Mum"
1847899824093696114,BmlDxlznJBy,38202153_2486799678212945_8774914495521751040_n.jpg,0.3434,0,"How to make delicious pav bhaji? Pav Bhaji is one of the most popular #Indian #snacks, especially in Maharasht"
1849327260752387650,BmqIVhyl55C,38652999_230236691000948_5658209127139115008_n.jpg,0.3422,0,Hands down India's greatest products 👀😍🍽 #panipuri #pavbhaji #streetfood #indian #indianfood
1844339546536461429,BmYaQu8gsR1,39020733_278621326261235_3806559935974604800_n.jpg,0.3416,0,#Streetfood #foodie #chickenpavbhaji #pavbhaji #hyderabadfoodie #travelblogger #travelphotography #travelgram
1844399799459430206,BmYn9h2lL8-,38261734_1917162381673381_5975504938552262656_n.jpg,0.3361,0,Thali meals like these Do you like your Pav bhaji with raw onions or without? Batao batao #pavbhaji #indianmea
1850544599288149011,BmudIIplnQT,39072606_219003182294757_8783600968693860409_n.jpg,0.3351,0,#PavBhaji At Shiva's Coffee Bar A Perfect Food To Satisfy Your Hunger.#PavBhaji #Shivas
1847986762007679561,BmlXitDF5JJ,39008841_379346686224583_7781047823297937408_n.jpg,0.335,0,Back to the hit by bull Place #youtube #subscribe #subscriber#family #street #streamers #fun #hit #hitbybull #
1843514974171735804,BmVexoFnqb8,38097333_234230360610467_1384654059880841216_n.jpg,0.3338,0,Office lunch #pavbhaji with tea and vada pav #foodinspiration #loveforfood #foodinstagram #footfetishnation #k
1848005225695041082,BmlbvYsnlY6,38628672_1874279119337928_5740422566485426176_n.jpg,0.3316,0,"Trending all over the internet. Can you guess, where is it from? . . . . . . . #sodelhi #foodgram #foodporn #f"
1849355552816482111,BmqOxO1Bcc_,39260152_689925281400147_85550813618896896_n.jpg,0.3308,0,#foods #foodie #foodpics #southindianfood #chinese #pavbhaji #fresh2you #dinner #breakfast
1843450693609049380,BmVQKOJg80k,38096891_1330453890425326_6838208918783524864_n.jpg,0.3293,0,#PavBhaji #MyFav.#Yummy #Mumbai
1842853710168714675,BmTIa9_ne2z,37868152_214429492561550_3445631474491981824_n.jpg,0.3288,0,Who could have imagined that our daily pav would be so tasty & crunchy; pav sauted and garnished with red and 
1846536651184819104,BmgN00GnEug,38666080_921599998050346_1117986670117912576_n.jpg,0.3285,0,Pav Bhaji Pasta @bittybatter . A classic dish of desi-videsi fusion bursting with lovely indo-italian flavours
1844594093957548553,BmZUI4tH4oJ,38806729_1743481992436721_7554126198331146240_n.jpg,0.3281,0,Today we ate some #Vegetarian #IndianFood with our friend. It was #Tasty 😍 #PavBhaji
1846491242341268817,BmgDgB0nv1R,38920069_439898876518322_6281577107067764736_n.jpg,0.3279,0,"Golgappas (didnt click pic) and Pavbhaji of Bikaner sweet corner , Sector 72,Noida.. . . . Taste-Golgappas wer"
1843442783327816397,BmVOXHIAwrN,38165383_499994790424177_3768834455075028992_n.jpg,0.3277,0,#NavtaraRestaurant #Goa #Panjim #PavBhaji #FBAI #IFBN #Foodie #FoodBloggersLife
1849431101645233776,Bmqf8nKH55w,39333333_670958983281805_2104519290546814976_n.jpg,0.3253,0,"Pav Bhaji Platter . Chinese pav bhaji , Manchurian Pav Bhaji & pizza Pav bhaji @timesssquare . Location : Time"
1841864301218883971,BmPndLGn-mD,37846310_2119171601667524_788776958728077312_n.jpg,0.3225,0,"Anyone for some PAV BHAJI PIZZA😍✨🌟 : Pav Bhaji Pizza is a delicious and flavorful fusion recipe, where a spicy"
1850633846064844751,Bmuxa2MAo_P,38232937_525456247914390_7724288645070323712_n.jpg,0.3206,0,#Foodbloggersmeet PAV BHAJI 💓💓 Bhaji loaded with cheese and butter A throwback to the Bloggers meet at Vega Re
1843309948847725965,BmUwKHYAx2N,37914891_161731611319382_6938148779082121216_n.jpg,0.3203,0,#peshwai #pavbhaji #chinese #misal #sandwiches #shakes #coffee #pasta #pizza #puneri #food #foodie #maggi #veg
1843136854367609045,BmUIzQlAyDV,38906667_270360737079855_1941493309927063552_n.jpg,0.316,0,Repost @khana_bazaar - Streets are filled with these! . . . ➖➖➖➖➖➖➖➖ . . . . #golgappa #samosa #indianfood #st
1843734721792815163,BmWQvYAg7A7,38640351_149771539228793_6259348886079406080_n.jpg,0.3152,0,Dinner @ Mums - Pani Puri & Pav Bhaji #food #foodie #snack #lunch #dinner #golgappe #pavbhaji #mum #mother #ho
1843443749453388097,BmVOlK5lVlB,38150546_288285075060782_2353656333204455424_n.jpg,0.3146,0,“Pav bhaji mastani” presented in #fonduestyle n #palak dikhlaja chaat# @bolgappadubai in @dubaiparksresorts is
1849365679512081550,BmqREmDHdSO,38679552_485407691869447_3398734954220224512_n.jpg,0.314,0,#jinnidosa #pavbhaji #fesifood #mumbaifood #foodporn #foodgasm #sydney #dieforit
1848493321488932734,BmnKuHVB59-,38711038_278877636239612_7460980104416460800_n.jpg,0.3091,0,Thick veg curry with soft bread #pavbhaji #indianfood #throwback from last week's shoot #meltingbutter 😋 . . .
1844924032607001205,BmafKIBHxp1,39079981_888759631322811_2357055859948781568_n.jpg,0.309,0,"It's Shravan, the month of fasting :) So here's #shravanspecial post 1st Picture - Farali Pav Sandwich from @a"
1848729856544610164,BmoAgJxABd0,38920820_1046945888800228_6967684835385016320_n.jpg,0.3075,0,#Indianfood or #italianfood Which one is best??? Uhh 😍😍😍🤤🤤🤤 #pizza #pavbhaji #speedfood #onlineplatform #order
1849156342805490321,BmpheWDFOqR,38696728_458322841351275_1205959767982342144_n.jpg,0.3066,0,When you see the food you ordered slurp slurp 😋🤤 . . . . #teekhi_mircheee #food_lovers #foodinstagram #foodblo
1842853136169751700,BmTISnanNSU,38731804_557893134683840_6189116129156268032_n.jpg,0.3059,0,"Let's gets cheesy... irresistible Italian pav bhaji is epic-classic, a heady mix of all time favorite with mel"
1848545405316792375,BmnWkCLFoA3,38708029_280464439411369_5175089984251625472_n.jpg,0.3054,0,"Spicy, tangy, and soury Bhaji with crispy pav will win your heart at #ChaatChatore. Have you tried it? . . . ."
1849474439952144016,BmqpzRGgxaQ,38691870_1074945339335017_8991175620817846272_n.jpg,0.3054,0,Breakfasts when mom cooks is like this #momcooking #breakfastwithmom #poorichicken #pavbhaji #idlisambharchutn
1845136849368958871,BmbPjBEnseX,38226968_304597236980050_7274646044950921216_n.jpg,0.3041,0,I think I ordered too much #indianfood #pavbhaji #chickenmarsala #chickenandrice #lemonade
1845822232297729442,BmdrYpqn-2i,38436451_2126266821025208_5762087906239840256_n.jpg,0.3027,0,Dinner Done Right ✔️ . . In the Frame : Dal Makhani With Aloo Pyaaz Naan and Pav Bhaji 😋😋 . . Location : Veran
1848353038017224718,Bmmq0uKh-AO,38430743_2216385615057274_2820532528253763584_n.jpg,0.3027,0,Late nights in Nyc remind me of mumbai #pavbhaji #samosa pav #nycrain
1842171022097124828,BmQtMjLng3c,37947017_245422549413553_1442162538102915072_n.jpg,0.3012,0,Its #TawaPulao and #Raita kinda night... This Rice dish is cousin of #pavbhaji in terms of its flavour and tas
1845774222296994581,BmdgeA3ldMV,38220182_653001598420327_2523403722894082048_n.jpg,0.2984,0,When #Monashians meet for #PavBhaji #MonashAlumni #UniFriends #Marketeers #BusinessPeople #AndThenWeGrewUp #St
1850034758928946276,BmspM-0FdRk,39110960_192488481505028_7934687247381561344_n.jpg,0.298,0,Nanumal Bhojraj is the solution to all your cravings. Simply order online from: www.nanumalbhojraj.in/ #PavBha
1850185678357442914,BmtLhJfArFi,38913515_940311442818683_8948108716725501952_n.jpg,0.2962,0,The traditional Swiss fondue gets a desi tadka at Luscious layers. Probably the only place in Nashik that offe
1849369044885789733,BmqR1kTBVwl,38626422_2074341945918201_2107663850852581376_n.jpg,0.2953,0,"Pav Bhaji Dosa.... Mix of North and South.... * * * * * * * ""❤ Delivering deliciousness ❤"" •••••••••••••••••••"
1848693728581969485,Bmn4Sa-nuZN,39329755_2615997728538796_4320471344379592704_n.jpg,0.293,0,Pavbhaji Tasty Delicious Spicy All time favourite Pavbhaji lover Mouthwatering . .. #pavbhaji #pavbhaji😋 #pavb
1844039918420959038,BmXWIkhHx8-,38305068_250982682191427_8348728446972592128_n.jpg,0.2928,0,"Aloo papri chat , anyone? When it's sunday and mom surprises you with such yummy beauty . Homemade , hygienic "
1840313877338817637,BmKG7iWAIRl,38081000_1640773082717080_68283339986960384_n.jpg,0.2921,0,Homemade Pav Bhaji #indianfastfood #indianfood #vegetarian
1848382649417141266,Bmmxjn7gQwS,39509245_255011328475679_4657923887851893052_n.jpg,0.2911,0,"This kid is the true Inspiration for young generation as he is done with the school, he go the the market and "
1845976580577736809,BmeOettBrhp,39006374_1564540856983278_2389776686041268224_n.jpg,0.2855,0,chcolate curd #coffee #southdelhi #delhi #delhistreetfood #pavbhaji #pavbhaji😋 #pavbhajifondue #delhi_igers #d
1844217683182890654,BmX-jY2nC6e,38791105_1906909646036491_2516646167379443712_n.jpg,0.2822,0,"Perfect lunch set up😋 _ In the frame: Pav bhaji, Grilled sandwiches and Fresh lime soda _ Tag someone who woul"
1847987027003051388,BmlXmj2DA18,38847391_1176038235867547_1480859763943145472_n.jpg,0.2793,0,One of the most relished dishes in India. #pavbhaji #homemade #rasmalai
1847787818695072991,BmkqTspnRzf,38787909_2171499316458681_1351083873940799488_n.jpg,0.2763,0,-DP’s FAMOUS PAV BHAJI We’ve always tried different types of Pav Bhaji at different places. Every place calls 
1848457490893470697,BmnCktfHXvp,38462189_261993767745059_2654465375780995072_n.jpg,0.2744,0,My kinda breakfast.❤ At - @nukkadwala_ In the plate - Pav Bhaji meal. Which includes a cold coffee and Aloo Ch
1849913523115769199,BmsNoxKgb1v,38876747_225068814828550_8566483056951558144_n.jpg,0.274,0,😋😋 . . . . . . . . . . . . . . . . . . . #tasty #tastyfood #delicious #snacks #indiansnacks #indiandelicacy #i
1848037998407857190,BmljMSqhjQm,38484500_1908092926164174_4809477087838601216_n.jpg,0.2728,0,Chilli chowmin 💕 Follow @spoonoflove__ #delhidiaries #delicious #delhi #delhigram #delhistreets #delhifoodie #
1847796629374061212,BmksT6PAUqc,38879295_1050378928472428_2761981193317515264_n.jpg,0.2715,0,"A treat for all shawarma lovers. ❤️ . . . Where : hunger strike, Amar Colony. . . #food#shwarma#streetfooddelh"
1844373809051094921,BmYiDUZhk-J,38814154_446721812503988_6441585989126193152_n.jpg,0.2698,0,#delhi #southdelhi #famous #paranthe #kulcha #yummy #pavbhaji #pavbhaji😋 #pavbhajifondue #delhi_igers #delhigr
1847833043264747958,Bmk0lzUBjm2,38886805_1840251026095610_6819967853374996480_n.jpg,0.2689,0,#rumaliroti #delhi #southdelhi #delhistreetf #pavbhaji #pavbhaji😋 #pavbhajifondue #delhi_igers #delhigram #sou
1842210206719047657,BmQ2GwtFnfp,37874358_1099869823498033_3268153714900205568_n.jpg,0.2684,0,#TastyThursday with our spicy and flavoursome Pav Bhaji Roti Bun! . . . #TheBunBistro #TBB #TheBakeFeed #Fresh
1845137920904586595,BmbPynBHuVj,38251011_454336131746422_2433125997118226432_n.jpg,0.2677,0,#pavbhaji #tikkichaat #golgappe #yummyinmytummy😋
1848278947566345194,BmmZ-kDhlvq,39075482_601335340260298_6087385314739879936_n.jpg,0.2676,0,"Nothing Like, Chai #kulladchai #delhi #southdelhi #strong #eyeopner #rain #monsoon #delhistreetf #pavbhaji #pa"
1847217582865975048,BmioprJlQcI,38478839_448893808935925_2526091607917199360_n.jpg,0.2668,0,What?: Pav Bhaji Fondue Where?: @TeaVillaCafeVesu Via ~ @khadissafoodie 😋 🍴 Use #SuratEats to get featured 🍴 #
1855190673214705981,Bm-9haLlJE9,39346992_2136473243281695_3643325572131586048_n.jpg,0.2652,0,"Need another reason to love pav bhaji? Well, we bring you the amazing Leftover Pav Bhaji Bread Pakoda . . . In"
1848102759753198044,Bmlx6sXginc,38466085_290890011493580_2934470301150347264_n.jpg,0.2639,0,#food#mumbaifood#streetfood#mumbaifoodie#localfood#foodies#lovefood#lovefoods#foodlove#foodie#lovefood#lovemum
1843825189113111914,BmWlT2RASVq,38081244_502132700214926_3381419286760259584_n.jpg,0.2637,0,"Repost @veggiedelightnp - TAG A GOLGAPPA LOVER 🐒Golgappa is one of the street foods, I can't get enough of. Wh"
1847930495688466923,BmlKv69H2Hr,39175448_1750371948417581_2168890297579208704_n.jpg,0.2633,0,Evening snacks eating Yummy Ragda Pattice.🤤❤️😍 . Pic taken admin : @deepak_jain786 ..❤️ . For more join us @fo
1841572514117808040,BmOlHHMHW-o,37801818_1859143641060887_6773862762431905792_n.jpg,0.2608,0,#Homemadefood#Devbaba#Birthdaycelebration#Pavbhaji#vegpulav#😍#gulabjamun#lastbutnotleast#yummycake#🎂🎉
1845971338848587828,BmeNSb9n1A0,38244389_226476381397897_2704477168976527360_n.jpg,0.2605,0,"Yummy - Dahi bhalle, burger and Pav bhaji . . . . . . . . . @foodiegirl1301 #foodgraphy #foodpic #foodforever "
1845091238032589560,BmbFLSNHkL4,38538273_2160579747519065_5576615361379303424_n.jpg,0.2589,0,Cheese chicken pav bhaji😍 . . . . . . . . #indianfood #pavbhaji #chickenpavbhaji #dinner #dinnertime #foodgasm
1847056893980158331,BmiEHV9n6l7,38271768_2088147921396892_3800926034098913280_n.jpg,0.2581,0,"The spicy curry of mixed vegetables served with soft pav, shallow fried in butter is absolute bliss. Try it ou"
1855114736725576427,Bm-sQY0Hsrr,39486286_1876112019363573_6860106723642834944_n.jpg,0.2542,0,"Repost @punehungry Cheese Masala Pav at Shree Samarth Stall, Camp. . ➡️Do you like Masala Pav?⬅️ . Get your Hu"
1849960043678440009,BmsYNu0HppJ,38797948_1713351078762395_7441632320425033728_n.jpg,0.2538,0,Pavbhaji Delicious Tasty Spicy Mouthwatering .. ... . #pavbhaji #pavbhaji😋 #pavbhajifondue #pavbhajilovers #pa
1842010882470387718,BmQIyNiDSAG,38286499_2357833154276800_6951324334291943424_n.jpg,0.2524,0,👻😇#foodhunt no.2 #shopping no.2 #dayout no.1 Ever wondered wer to take ur family who comes with all d fancies 
1843908130947998502,BmW4Kz3nCMm,38020532_972493252942729_4410763677339222016_n.jpg,0.2519,0,"If more of us valued food and cheer and song above hoarded gold, it would be a merrier world. #vegetarian #veg"
1842333033765900056,BmRSCITlY8Y,37908754_263902024220187_9018432917797339136_n.jpg,0.2504,0,Sarafa: Perhaps the apt places for street foods where Indore comes alive every night! #incredibleindore #indor
1845495863722241053,BmchLXPnewd,38454175_232401517479590_6501048849266638848_n.jpg,0.2501,0,The independent fervour & snack of India. * Spicy bhaji with crisp buttered pav and soft spongy dhokla * #delh
1843555971159385564,BmVoGNggWXc,38081487_304255876991146_1840605915418460160_n.jpg,0.2489,0,Bhaji stuffed Pav. #stuffedbuns #veggiebunstuffed #veganstuffedbuns #pavbhaji #whatveganseat #veganfood #feedf
1850009932582144583,BmsjjtegMpH,38833152_2193354124278350_8567406088373141504_n.jpg,0.2472,0,#peshwai #pavbhaji #chinese #misal #sandwiches #shakes #coffee #pasta #pizza #puneri #food #foodie #maggi #veg
1840313167587218881,BmKGxNVgpXB,37803506_507717196330029_6113016975187771392_n.jpg,0.2447,0,Homemade Pav Bhaji #indianfastfood #indianfood #vegetarian
1848440028890216114,Bmm-mmunTay,38646631_235244153999737_2866456543375654912_n.jpg,0.2423,0,Jhalmuri (Bengali: ঝালমুড়ি) is a Bengali evening street snack made of puffed rice and an assortment of spices
1849323677080189448,BmqHhYPFXoI,38517877_251100942205653_6386443337804546048_n.jpg,0.2419,0,"A Sunday well spent with the never ending buffet which had street food special from #goa#maharastrian food , t"
1842126178251372841,BmQi__GHvkp,38080771_1755507791153200_833504344421695488_n.jpg,0.2408,0,"3 words 8 letters say it. and i'm yours. ""I Got Food"" 😂😂😂😂 . Follow @dilli_tadka for more yummylicious food ri"
1844324506359234028,BmYW13sFv3s,37826609_1071231369694519_5435863025322033152_n.jpg,0.2395,0,Masala Pao 😋 . . . . . . Follow @Foodomania for delicious updates and use hashtag #Foodomania to be featured o
1847121544730145918,BmiS0IqnHR-,38299404_267149884014031_499289514368303104_n.jpg,0.2395,0,Cutting masala chai ☕️ with khullad Pav bhaji and Maggi sandwich perfect 👌🏻 for the day 😘❤️ . Follow @foooddis
1847833872069054019,Bmk0x3MnE5D,39113249_1384737111659664_8818293051031027712_n.jpg,0.2381,0,You can’t just settle in for a pair of pav trust me ! 😍😍 . . #foodiebong #foodgasm #snack #snacking #foodporn 
1843597685098300133,BmVxlOpBELl,38002394_369464593587582_5407789671671398400_n.jpg,0.2356,0,#kulcha #streetfood #delhi #yummyfood #hygenic #southdelhi #GK #pavbhaji #pavbhaji😋 #pavbhajifondue #delhi_ige
1841937976213556432,BmP4NSSgszQ,37871288_437488803430097_3755198805788590080_n.jpg,0.232,0,I’m pretty sure you people now would have completely understood my endless love for desserts and specially for
1847973777256052008,BmlUlwDlXUo,38469052_1161373754002065_8060020189455692453_n.jpg,0.2294,0,"'Pav Bhaji Fondue' Rich, smooth & creamy pav bhaji fondue. Perfect for all the chaat lovers 👄 Go kill your pav"
1846061149323533894,BmehtWfFB5G,38013894_2289589991116507_8422370871057842176_n.jpg,0.2294,0,". Aug. 12, 2018 . Journey×Journey Box round . 『Journey×Journey summer festival』『summer, spice and me』 . pork v"
1849859508434443537,BmsBWwEnR0R,39294361_268012697143935_2965681734001098752_n.jpg,0.2276,0,breakfast #delhi #aouthdelhi #parantha #northindian #butterslime #morbingvibes #delhifood #classic #cookingvid
1843282201389371782,BmUp2VinRGG,38215582_1127660660736358_2122694673020485632_n.jpg,0.2247,0,#asian #vegetarian #inflightmeal #airindia #pavbhaji #paneertikkasandwich #chocolate #chai #feekichai #tea #no
1844844781323205990,BmaNI3ggL1m,38941483_670944773281723_3038810978213953536_n.jpg,0.2234,0,Try out this mouth watering PAV BHAJI FONDUE in affordable rates only 😍😍😋😋 . . THE FOOD NEW CAFE RESTRO @ BHAW
1846545992965334573,BmgP8wUHqYt,38268652_1317633591702624_7955610305118076928_n.jpg,0.2202,0,"Some food cravings ... Onion and potato pakore !! Anyone ? Homemade , yummy,hot and crispy pakoras . . . . Fol"
1844243917430336730,BmYEhJZnCza,38941345_1650685305041531_2980426906484080640_n.jpg,0.2202,0,"Chalo ""evening snacks"" khate hai 😋 Kuch jaldi kha raha hu 😋 Ok. Bye ♥️ . . . . . . . #cocacola #delhifoodie #d"
1844384441453970381,BmYkeCmHwPN,38422133_2109307326053645_5511998351505096704_n.jpg,0.2179,0,Eating my fav Veg Biryani At Juhu beach.😍❤️ . Pic taken admin : @deepak_jain786 ..❤️ . For more join us @foodi
1849311765391693515,BmqE0CnH1bL,38056639_374013303132424_1130066050889547776_n.jpg,0.2171,0,evening meal #delhi #southdelhi #chai #delhifoodie #northindia #sundayfunday #pavbhaji #pavbhaji😋 #pavbhajifon
1843311084749082065,BmUwapRAk3R,37734103_858496014354681_342527700600094720_n.jpg,0.2155,0,Get 10% off on all orders of Chinese Food this weekend !!!! #peshwai #pavbhaji #chinese #misal #sandwiches #sh
1846408462322690292,Bmfwra7BOj0,39008834_1449720018460791_2058383297314029568_n.jpg,0.2147,0,Tandoori Chicken 😍 #foodporn #food #foodie #foodphotography #foodgasm #foodstagram #foodpics #foodlover #foodp
1850330593885460027,Bmtsd8llJY7,39023038_246489369534682_6220661207951474688_n.jpg,0.2145,0,South Indian and North Indian food do make a stomach full lunch!! 😋 #MasalaDosa #Sambhar #PavBhaji #IndianFood
1843384377679899267,BmVBFMoHWqD,38096940_213259729344734_6956929648865312768_n.jpg,0.2145,0,#jetairways #asianvegetarian #inflightmeal #pavbhaji #dairymilk #coffee #vegetarian #guwahati #guwahatidiaries
1847986070147484161,BmlXYotAsoB,38941445_1950806675212255_3520137972982743040_n.jpg,0.2142,0,Different flavours to celebrate!! #bhaikabday #birthday #dinner #dinnershow #partytime #dinnertable #tasteofmu
1845121496906082638,BmbMDm-hilO,38425725_1018063551686477_5490465893743853568_n.jpg,0.2138,0,You don’t need a silver fork to eat good food 🌸 - paul prudhomme . . #foodporn #mood #hastag #foodie #foodphot
1848407631740717204,Bmm3PKiBsiU,39076799_1907065966020123_449730380660998144_n.jpg,0.2132,0,#parantha #kulcha #delhi #southdelhi #yummy #nomnom #punjabifood #bikanerwala #pavbhaji #pavbhaji😋 #pavbhajifo
1845502128668403998,Bmcimh7geke,38157861_1047318462112638_8619613851102478336_n.jpg,0.2128,0,"Unlimited Grills served at Sigree Global Grill, Kammanahalli as part of our daily Lunch & Dinner Buffets will "
1855240527390300637,Bm_I24gAdnd,39913452_2166586706748398_8840015565390086144_n.jpg,0.2108,0,#tawapulao It is a delicious Indian-style stir-fry of rice and vegetables from the streets of Mumbai. Full of 
1850941228938658337,Bmv3T2zA4Ih,39713277_1059596250884844_4721360791469555712_n.jpg,0.2092,0,"First we eat, then we do everything else!! Full of #flavour! Be here to relish the amazing varieties of #mumba"
1846554377737814531,BmgR2xPgUID,38031434_1902487536508119_3373665586595758080_n.jpg,0.2072,0,That's how I celebrated Independence day. . . A very happy Independence Day peeps. . . . #pavbhaji #dwarka#cha
1847212963771805309,BminmdSHW59,39189148_2236956306537452_545667962799915008_n.jpg,0.2063,0,"Porwal ji ke Mini Samose !! Rs 10 ke 4 . Taste main best . 📍Location - Sec 50, Noida Near Icici bank . . Tag S"
1846559852573166820,BmgTGcFHwzk,38525168_1768422983227072_6974973321871884288_n.jpg,0.2039,0,"DELHIDIARIES 1⃣ DEDICATED POST 🙏 ""Tave Pe Taka Tak Pavbhaji Tikki"" WORTH READING 👇 . My first post dedicated t"
1855251670718388546,Bm_LZCiHplC,39746049_290439278406280_7840588117403762688_n.jpg,0.2036,0,Pav Bhaji Fondue . . . Where- Angrezi Dhaba . . . #pavbhaji #cheese #fondue #pav #cheesepav #bhaaji #paneer #d
1849451911650967095,Bmqkrb_H343,38721541_449846315526187_8689316944068739072_n.jpg,0.2032,0,"Steamed Momos and Pav Bhaji 🤤🤤 . . . When at @khokha.chd, you just cant choose one thing from the menu. This c"
1843327738309282539,BmU0M_GjIrr,37750106_494186821052243_2603168725938995200_n.jpg,0.2026,0,How long has it been when you last dined with your family together and had a great time? Have good conversatio
1849923018258447505,BmsPy8NHPyR,37938774_2115124272140401_7565373296045195264_n.jpg,0.2026,0,"Indian Fondue Pab Bhaji @ Dramebaaz, GTB Nagar, New Delhi . Price:- ₹239/- . Rating:- 4.7/5 . Follow | @thebag"
1844149985430450901,BmXvKQaH7LV,38927987_2098907580327090_4770050722580398080_n.jpg,0.2014,0,Just check out the look of my boys faces😋😂😉.. #sunday #brunch #foodporn #foodiegram #instapics #picoftheday #h
1850257466940888809,Bmtb1z0Bpbp,38902077_257731048198394_5967210725343494144_n.jpg,0.2007,0,#marathifoodrecipes#homemade#homecooking#yum#sogood#food##foods#foodporn#foodlover#foodphotography#foodblogger
1842279944028138867,BmRF9kon61z,37873733_1088220214663591_6271513105340039168_n.jpg,0.1997,0,#afterofficefun #eveningsnack #vadapav #pavbhaji #masalapavbhaji 😍😍
1842843148642682542,BmTGBRznAau,38019741_294391204670786_5869714804515536896_n.jpg,0.1988,0,Baarish mai samosa ka maja hi kuch aur hai 😋 . . . . . . . . . . . . . #samosa #pavbhaji #indianfood #bhelpuri
1844414023217202118,BmYrMgwnEPG,38462189_451501112019665_4513216428513427456_n.jpg,0.1978,0,sham ko. friend k sath chowmeen😍😍😍 khane ka mja hi alag h Follow for more such food updates @upwalefoodie . . 
1841729686483210004,BmPI2RXH48U,38081892_979367602245466_7808354709969829888_n.jpg,0.1976,0,Mumbai/Guju street food for dinner tonight... #Chat #BhelPuri #Kandvi #PaniPuri #PavBhaji
1842013792419376574,BmQJcjohu2-,38066241_2117793145149576_7420133732775886848_n.jpg,0.1973,0,BBQ days !! #sailorslife #bbq #partytime #roastchicken #pulledpork #paneer #pavbhaji #onthegrill #bbqparty #sh
1849182465720016940,Bmpnae6H2As,39526197_323161568252720_1436922411713822720_n.jpg,0.1972,0,Celebrate the essence of togetherness with authentic Indian food made with Tit-Bit Spices. #KaafiHai Click her
1847631139049600928,BmkGrtXAHeg,38885032_243470799828714_5951484840028143616_n.jpg,0.1968,0,"Join us for a bistro styled lunch today... come taste the bacon, pecorino & crouton goodness. . . #meadecafe #"
1846468899669602598,Bmf-a5lnPEm,38870451_894131060786766_1181410392048402432_n.jpg,0.1957,0,"When someone talks about Maharashtra.... a slideshow of vadapav, Pav bhaji, dabeli, mishal Pav starts on my mi"
1847348959901594741,BmjGhdjHzR1,39381482_547259489026516_451080117083439104_n.jpg,0.1913,0,Had this amazing mexican fries from burgrill. It's just too yummy . Thumbs up 👍 Must have Taste -4/5 Service -
1848702518089920128,Bmn6SU2Hq6A,38741022_423484954840475_2218914580539637760_n.jpg,0.1911,0,Delicious news for all our Karama foodies!! We are now delivering our yummy Bambaiya street food across Karama
1846384369428381265,BmfrM0qnL5R,38240230_233127980679590_7745078799338831872_n.jpg,0.1897,0,"After a good dinner one can forgive anybody, even one's own relations. #vegetarian #vegansofig #broccoli #gril"
1844321334442052941,BmYWHtnF81N,38769452_1005603872933361_2839079790470758400_n.jpg,0.1893,0,#foodie #mumbaifoodie #thanefoodie #food #foodies #pavbhaji #pavbhaji😍 #chole #tomatosoup 🍅 #chocolatepastry #
1845791071385483202,BmdkTMzhPfC,39087519_319474215459000_8831644837338939392_n.jpg,0.1886,0,Thick cold coffee with crush 😋 #foodporn #food #foodie #foodphotography #foodgasm #foodstagram #foodpics #food
1846023412506592223,BmeZINVgoPf,38472968_278706862911125_4733044824796561408_n.jpg,0.1883,0,Uvirkelig med lokal street food fra bl.a Mumbai på et hipt sted i Schweigaardsgate. Helt nyydelig er det 👌🏻#ho
1849995732096803072,BmsgVEPnmEA,39070632_841774696212891_4719227601472716800_n.jpg,0.1868,0,#chanabhatura #chanabhature #delhi6 #delhifood #delhites #southdelhifashion #yummyfood #indianfoodbloggers#pav
1847230739515508863,BmirpIPAQh_,39120946_324861181416079_2215582652285583360_n.jpg,0.1868,0,Who doesn’t love #chaats? Whether it’s #PavBhaji or #SamosaChaat Lets See Who Wins Visit our website www.cakew
1845039178196493237,Bma5VttFKO1,38220732_2302414399986080_2871377356126158848_n.jpg,0.1853,0,INDEPENDENCE DAY OFFER!! Enjoy 10% OFF Celebrate this Independence Day with SANSKRITI. #sanskriti #sanskritimu
1848763742259865325,BmoINQTBWbt,38491787_302207457271902_4654144368603561984_n.jpg,0.1842,0,"There's a new maharaja chat at kondapur and to add, this beautiful weather 😍☁️💦 #chaat #bhelpuri #maharajachat"
1850082380318884575,Bms0B9sHcLf,39397333_1615323441928965_8993445034292412416_n.jpg,0.1831,0,Yellow 💛💛💛 Chaat pasand hai tumhe? . . . . . . . #indian #mumbai_igers #mumbaikar #pavbhaji #bhelpuri #sokolka
1850159962922056874,BmtFq8Hnnyq,39256776_2154913814779724_1289458635205771264_n.jpg,0.1828,0,Pav bhaji Fondue ♥️ @shuruwatveg . . . Feel free to dm for any queries🤗 . . . 📧appetitesindia@gmail.com . . . 
1847186240871319449,BmihhlpH8eZ,38538875_1301813163287566_4203069332466434048_n.jpg,0.1806,0,"Delivery upon Order. Get quick access to our extensive range of items, delivered to your doorstep or anywhere "
1849865810720099063,BmsCydiHIr3,39011825_1877489469227382_8828104109249789952_n.jpg,0.1801,0,दिल में इक लहर सी उठी है अभी ♥️ . . . . . . . . . . . . . . . . . . #muslimfood #kolkatadiaries #delhi #delhig
1850561697694213199,BmuhA8yAeRP,39320107_512985699112815_7464221937141547008_n.jpg,0.1793,0,"My everyday breakfast stories!!! Since I’m a huge fan of breakfasts, specially English Breakfasts, this is pur"
1849827219952579441,Bmr6A5FHzNx,38802421_465495757291413_8155318050929770496_n.jpg,0.1789,0,BHEL PURI / SWEET & SPICY PUFFED RICE😍✨🌟 Tag all street food lovers. : Bhel Puri is a sweet and chatpata India
1842643963502954970,BmSYuwMHIna,38051843_1867408300013051_8236528039886848000_n.jpg,0.1787,0,Enjoyed this scrumptious Mumbai Mutton keema pav at @greenhouse_beergarden. 😋 . . . . . . . . . . . #keemapav 
1846400698607055403,Bmfu6cZgbIr,38225670_794893714235014_4405720140193202176_n.jpg,0.1777,0,"Nobody can ever forget this day as it is our day , when we got independence.May this tiranga flurrs high alway"
1841504281339700832,BmOVmMdnSZg,38081610_319534618591884_636262442413850624_n.jpg,0.1747,0,"crown patisserie is a small gem located in market of sector 17 , Chandigarh. We Had lemon and blueberry cake ,"
1842796024144170219,BmS7ThsnYzr,37947836_679970355698845_795260632768184320_n.jpg,0.1718,0,"Mumbai Bruschetta at 90ft Above, Borivali. . . . This consists of misal pav, pav bhaji, dabeli and vadapav bru"
1848519560274467291,BmnQr8GhVnb,38646008_1606899812748288_4221508395867308032_n.jpg,0.1695,0,If you want a perfect fine dine with a perfect taste then you should visit THE FOOD 😋😍😍 . . THE FOOD NEW CAFE 
1843610289023763296,BmV0co9hENg,38080893_2196517383722941_712250949434867712_n.jpg,0.1693,0,Garma Garam Moong Dal Bhajiya Tag a friend 😋 . Picture by @foodiesinceborn92 - . . . #samosas #bhajiya #vadapa
1842852657171979240,BmTILpUHtvo,37931296_275025066426453_7217063375463776256_n.jpg,0.1689,0,#CheesePavBhaji #PavBhaji #PavBhajiFondue #FoodDecor #FoodTable #Weddings #Engagements #Corporate #WeddingCate
1820871337174944580,BlFCNVyAMtE,35534218_1732196980212084_3364094264861523968_n.jpg,0.1632,0,"Dosa Plaza,Koramangala Pure veg like Chinese-Mexican-Salad Dosas, South Indian,Punjabi,Mumbai Chaat,Bombay Pav"
1841530572277319071,BmObkxznIWf,37972856_2131624927116941_6587493759112445952_n.jpg,0.1615,0,"We decided to visit Bbq delights, Ibn Batuta and this is our verdict. The place is well done and the interiors"
1844932118979881873,Bmag_zCgSuR,38851655_257654228292406_2231482831668772864_n.jpg,0.161,0,Today's Special #dahivada & #pavbhaji at #TEAGRILL Bagdogra
1849889972981346808,BmsISEZHDH4,38800245_2268283836736878_2671096077561626624_n.jpg,0.1606,0,Paratha Mantra Fort is a definite must visit place for all you Paratha Lovers out there . . . Their Treasure B
1845562910483832577,BmcwbBaBl8B,38295564_317399555489402_2209232998404980736_n.jpg,0.1601,0,#cooking #coffee #divya #southdelhi #latte #happybirth #delhi #starbucks #pavbhaji #pavbhaji😋 #pavbhajifondue 
1849356928273067767,BmqPFP0n673,39592442_465590383947824_9034797030957907968_n.jpg,0.159,0,(repost) . . . Kuch meetha ho jaaye😋😋 Aap kya khaana chahoge?? Tag your friends🤗🤗 . . . 👉 FOLLOW : @iamreshmak
1843787224848839928,BmWcrZShLT4,38484508_811045462619556_6739503792863051776_n.jpg,0.158,0,"99 VARIETY DOSA CORNER, J.PNAGAR 3RD PHASE. Do you love noodles? Have you ever had noodle dosa? If your answer"
1845804626731752164,BmdnYdNHlrk,38299381_220098365336911_6730837042780962816_n.jpg,0.157,0,"Changa Punjabi Dhaba !! Swad bharpur 😋🍜 Had karahi paneer , mix veg and butter tandoori roti from pal Dhaba , "
1844258731283928231,BmYH4t4F1Sn,38449832_255794328477958_6027208506480787456_n.jpg,0.1569,0,Long drive in rainy season & a cup of tea with bhaji 🕺💃😋 @bollywood_dost . . . . #teawithbhaje #tealovers #bha
1843602473677707881,BmVyq6Wl1pp,38482249_222083261790512_7170419455103598592_n.jpg,0.1564,0,#72independenceday #offer #bash #sale #food #foodlover #juice #burger #sandwiches #fries🍟 #panipuri #pavbhaji 
1844114132636555317,BmXnAh5FFg1,38039085_2159995644041756_1779023725140639744_n.jpg,0.1564,0,Caramel Custard! Mumbai Chai Festival at ChaiJaai. #chaijaai #mumbaifestivalchaijaai #mumbaistreetfood #pavbha
1848652459909945470,Bmnu54iFZh-,38522807_158666728321806_5625006173787783168_n.jpg,0.1552,0,Organic healthy food to satisfy your taste buds 😍 love for my 3P’s....#pizza #panipuri #pavbhaji My experiment
1842805685110445229,BmS9gHLFBSt,38482253_1932016056859725_274922673388126208_n.jpg,0.1547,0,Misal Pav! Mumbai Chai Festival at ChaiJaai. #chaijaai #mumbaifestivalchaijaai #mumbaistreetfood #pavbhaji #ak
1845686425060764121,BmdMgZUgenZ,38923036_358614348008540_2196524993335001088_n.jpg,0.1547,0,#mypixeldiary #instagood #mobilephotography #india #random_mobile_photography #photography #naturephotography 
1820877414310360458,BlFDlxjgDWK,36774604_612916309079711_2359361351148634112_n.jpg,0.1536,0,"Dosa Plaza,Koramangala Pure veg like Chinese-Mexican-Salad Dosas, South Indian,Punjabi,Mumbai Chaat,Bombay Pav"
1848919974094167256,BmoruuiAdzY,39131361_247779029127861_8353164963505766400_n.jpg,0.1512,0,A yummy spread of homemade Indian food included #dhokla #panipuri #pavbhaji #bhelpuri and more for weekend din
1850578859544967650,Bmuk6sABnni,38898883_1652502954860537_4661954972789768192_n.jpg,0.1507,0,"Regrann from @dhianasyid - [ Original Song ] . RINDU BAITULLAH By. @dhianasyid Composed by Diyan Arr, Mix, Mas"
1847794710959441782,Bmkr3_klUd2,38877368_1501657703269738_2620068516010655744_n.jpg,0.1496,0,Regrann from @khao_piyo_aish_karo - Mujhe Golgappa bahut passnd hai 😍 Aapko? . . . . . . ➖➖➖➖➖➖➖➖ . . . . #gol
1820361618559784868,BlDOT9VAtek,36161027_193441841325685_3443253694697570304_n.jpg,0.1482,0,"Dosa Plaza,Koramangala Pure veg like Chinese-Mexican-Salad Dosas, South Indian,Punjabi,Mumbai Chaat,Bombay Pav"
1842863498256598238,BmTKpZ3HkTe,37999905_1074656572686043_7868505602396258304_n.jpg,0.1475,0,Eating yummmy Bhelpuri one of best evening snacks.🤤❤️ . Pic taken admin : @deepak_jain786 ..❤️ . For more join
1850672489756536372,Bmu6NL7hq40,38957744_701951930138011_7206018072493162496_n.jpg,0.1469,0,Keema Pav for lunch today 😍😍😍 What you are having ? Comment below 👇 . . . . Follow @dilli_ke_pakwan
1845182332426774285,BmbZ44eH-cN,38080742_449440402207847_7338904459415650304_n.jpg,0.1462,0,"Post- pasta ◆◆◆◆◆◆◆◆◆ Follow @kitchen.break.divya Like,share,tag ●●●●●●●●●●● #indianfood #foodholiday #foodhol"
1842015405868377805,BmQJ0CRlObN,38493369_1358749664228209_215519478933356544_n.jpg,0.1461,0,"Cheese Tawa Pulav is a tasty ,spicy rice based dish mixed with veggies & grated cheese over it...Its all time "
1843320451099635931,BmUyi8XAbDb,37937071_218589582161438_8833311267469918208_n.jpg,0.1455,0,"Dosa Plaza,Koramangala Pure veg like Chinese-Mexican-Salad Dosas, South Indian,Punjabi,Mumbai Chaat,Bombay Pav"
1850025990149751535,BmsnNYQHcLv,39565520_660235464355908_7585541435970027520_n.jpg,0.1455,0,Khana hai tumhe; aa jao. Sath mai khate hai 😋 . . . . . . . . . . #indianfoodie #delhite #delhigram #delhifood
1846287726414756725,BmfVOe2HXt1,38188202_241768189806725_4749534892168052736_n.jpg,0.1449,0,Happy Independence Day Credits: @saicharanphotography 📷 Want your Food features to be featured here? Tag or Ha
1847047258564752451,BmiB7ISHHRD,38846057_514142629025668_4422929064830959616_n.jpg,0.1406,0,"There are people in the world so hungry, that God cannot appear to them except in the form of bread #vegetaria"
1841576211782721258,BmOl866Hl7q,38508522_509329446185836_6457239156350255104_n.jpg,0.1404,0,Murtal mandates! Travelling and passing by Murthal? This tandoori paratha with creamy dal makhani and adrak wa
1843386622186267755,BmVBl2_HqRr,38673953_253905905441116_12428531548028928_n.jpg,0.1402,0,Hasselback Potatoes at 90ft Above in Borivali. . . . . . . . . . . #StreetFoods #FoodManiacIndia #FoodTalkIndi
1848740164946175814,BmoC2KNnSdG,38826830_537603976674221_1295395439650013184_n.jpg,0.1391,0,"Dinner scene at Bhagat Chand Tarachand vivina Mall.. Rumali roti , Panner Tikka masala and veg mix vegetables."
1849180846970156855,BmpnC7VHLc3,39384714_312471172841495_8914322012894134272_n.jpg,0.1383,0,Kheema Pao Fondue ❤ Anything that replaces veggies is always Double Yumm !! . Avail At : Desi Di Cost : 349/- 
1843443838917894870,BmVOmeOFWLW,38669195_249685185654325_3881364041339240448_n.jpg,0.1382,0,Vada Pav! Mumbai Chai Festival at ChaiJaai. #chaijaai #mumbaifestivalchaijaai #mumbaistreetfood #pavbhaji #aku
1850996992763767760,BmwD_U6ACvQ,39528182_214218326114099_1493544339966525440_n.jpg,0.1357,0,😂😂😂😂😂 #mumbai #dharavi #bandstand #bandra #navimumbaikar #dadar #mumbaikars #marathi #maharashtra #vada #pavbh
1844854992634508441,BmaPddiFfSZ,38478589_2157346757838442_932970611561463808_n.jpg,0.1328,0,Mumbai Chai Festival at ChaiJaai. 11th to 19th August. #chaijaai #mumbaifestivalchaijaai #mumbaistreetfood #pa
1844742722206625714,BmZ17tjHO-y,38097450_422487011573616_8617722033972707328_n.jpg,0.1317,0,Panner Swastik Where? ~Sharma Dhaba Credits: @harshita_kowtal 📷 Want your Food features to be featured here? T
1850016019433585167,Bmsk8STHvoP,38896292_489015471572964_6153913791219236864_n.jpg,0.1312,0,And my love for @ajaindia would never fade. . . . They have relaunched the menu with new items and many vegan 
1848035242573759276,BmlikMGAwMs,38531095_247914872714883_3022674794672816128_n.jpg,0.1295,0,😂😂😂😂😂 #mumbai #dharavi #bandstand #bandra #navimumbaikar #dadar #mumbaikars #marathi #maharashtra #vada #pavbh
1849181886436238063,BmpnSDaHmLv,38689330_317159952364582_7782243872905625600_n.jpg,0.1272,0,Sunday special breakfast Samosa and pathra.😍🤤❤️ . Pic taken admin : @deepak_jain786 ..❤️ . For more join us : 
1843366306856575542,BmU8-O3HCI2,38229623_440784563069458_588912072947924992_n.jpg,0.1272,0,Morning vibes ❤️ #foodart #thefoodattacker #foodislife #thesassyfoodie #followformore #comingupwithmore #stayt
1844431677938487568,BmYvNbAAFEQ,37986825_314502255788132_1088475649179385856_n.jpg,0.127,0,"#jinidosa Pic courtesy @deejandveej Stuffed with mix veggies, semi cooked in our secret sauces and packed with"
1845014117893290566,BmazpCenDpG,38640374_2168566366746317_2078858785098563584_n.jpg,0.1268,0,"Celebrate Independence day with our Mind Blowing Offer,Come over and rejoice with friends and Family on 72nd i"
1841985036413794328,BmQC6GhB3gY,38696731_676973856015162_816234895104802816_n.jpg,0.1259,0,TOO HOT FOR TWO PAV BHAJI FONDUE #80 #mumbai #mulund #fondue #pavbhaji #delicious #foodie #cheese #hot #foodlo
1843554785900640593,BmVn09plDlR,38081410_636459256740714_7863683449339510784_n.jpg,0.1255,0,Weekend Special at SANSKRITI. Open in Growels Mall Kandivali (East) #sanskriti #sanskritimumbai #growels101 #k
1842602990435921176,BmSPahDAW0Y,38802643_558299264566793_2681570892911214592_n.jpg,0.1253,0,Is there a Street Foodie hiding inside you? Cherish the old memories from the past and enjoy them while you fe
1846536140729205311,BmgNtYtFcI_,38685959_509941199452798_26981134877327360_n.jpg,0.1253,0,Stuffed Courgette Rolls 😍😍 . PC: @shuchita_02 . . . . . . . #foodandtastetheory #fattheory #mumbaifoodie #mumb
1842176827752106474,BmQuhCHnsnq,38693130_297798417651484_8057410822558711808_n.jpg,0.1242,0,Eating yummmy samosa.🤤❤️ . For more join us @foodiesinceborn92 . ❤️ . Pic taken admin : @deepak_jain786 ..❤️ .
1848472449742547658,BmnF-ZAACrK,39087506_2143249165746140_5025421437821779968_n.jpg,0.1238,0,The Gulabjamun is love..😍😍😋 #food #punjabi_food #chinesefood #northindianfood #pavbhaji #desserts #nigdipradhi
1845714310010133420,BmdS2LNAlus,38206217_2307041032863480_6340516470824370176_n.jpg,0.1234,0,"Asheville’s chefs are redefining Appalachian food with global flavors #FACTS AUG. 14, 2018 In southern #Appala"
1847687774276990917,BmkTj3BnLfF,38826860_995134580682673_5561749478840467456_n.jpg,0.1231,0,Beja Fry Where? ~Rangappa Special Credits: @eshwargummnur 📷 Want your Food features to be featured here? Tag o
1848035806405671226,BmlisZNAzk6,38175278_308203496404570_3232532948364296192_n.jpg,0.1228,0,👍👍👍👍👍 #mumbai #dharavi #bandstand #bandra #navimumbaikar #dadar #mumbaikars #marathi #maharashtra #vada #pavbh
1843320765867210327,BmUynhgnbZX,37941584_279822666137922_8446207896600969216_n.jpg,0.1221,0,You are what what you eat eats. #plantbased #vegansofig #fried #porkbelly #indiancuisine #delhifoodie #desifoo
1843370476237641796,BmU9655llhE,38434050_514416022313782_8893549240358273024_n.jpg,0.1219,0,Sali Boti (chicken). Mumbai Chai Festival at ChaiJaai. #chaijaai #mumbaifestivalchaijaai #mumbaistreetfood #pa
1848344853304117289,Bmmo9njnQgp,38804537_397672144091158_4586886503598129152_n.jpg,0.1217,0,Street food is the best 😍😍 . . . . . . . . . . . . . . . . . .#panipuri #foodie #streetfood #foodporn #food #s
1849181379244252188,BmpnKrDHtwc,39291501_1108956715921132_5695635399142014976_n.jpg,0.1215,0,Craving for these delicacies from the Streets of Mumbai! Come and enjoy a variety of classic pavs at your favo
1847284003764164343,Bmi3wObn9b3,38493374_1535073503265090_8779517515052089344_n.jpg,0.1213,0,DELHIDIARIES DAY 2⃣ ABB DELHI AAE OR STREET FOOD NA KHAE AISA TOH HO HI NAHI SAKTA😋🤓 . Small stall outside @gu
1845765461661191849,Bmdeeh5AA6p,38785391_673552673011506_5127437416591785984_n.jpg,0.1206,0,Dine at Sigree Global Grill this Independence Day to taste a widespread varieties of vegetarian and non- veget
1848038178225695282,BmljO6IgKoy,38426521_474394069703161_2591389816784420864_n.jpg,0.1205,0,😂😂😂😂 #mumbai #dharavi #bandstand #bandra #navimumbaikar #dadar #mumbaikars #marathi #maharashtra #vada #pavbha
1846468263022760171,Bmf-RoqgRDr,39226057_2138718879719117_6116467959935270912_n.jpg,0.1203,0,"Индийское настроение: паратхи с зеленью и сабджи «пав-бхаджи»(поджаренные картофель, зеленый горошек, цветная "
1849819127999151705,Bmr4LI3HL5Z,39232789_2200736946837762_4652185227861426176_n.jpg,0.12,0,Blackcurrant Price? 80/- Where? ~Naturals Credits: @ak5_hit11 📷 Want your Food features to be featured here? T
1845752938922596117,BmdboTLnVcV,38957755_236256380367995_473195444856422400_n.jpg,0.1199,0,Drinking Expresso Cafe At McDonald's ..🤤❤️ . For more join us @foodiesinceborn92 ..❤️ . #mcdonalds #cafe #coff
1846349876780547936,BmfjW44lz9g,38454181_1910559579004253_1351499497926033408_n.jpg,0.1186,0,#dosa 😋😋 #place : Dosa Craft #Clicked by me📸😎 #dosacraft #bhiyaooo #dosa #uttapam #jinnydosa #pavbhaji #dosa #
1850624258785220763,BmuvPVVnRib,38434102_715135525492585_3920822863665299456_n.jpg,0.118,0,"- [ Original Song ] . RINDU BAITULLAH By. @dhianasyid Composed by Diyan Arr, Mix, Mastered by @dhionfanditya V"
1846550569932304376,BmgQ_W8nC_4,38685952_308302879727238_403219299344318464_n.jpg,0.118,0,Paneer butter masala along with butter naan Dinner scenes are lit 🔥 Follow @dilliciousfoodie @dilliciousfoodie
1846424666639698102,Bmf0XOXlAi2,38458107_202734043753732_1918029147674771456_n.jpg,0.1177,0,Mumbai Fondue Pond ❤❤ . . . . . . #foodandtastetheory #fattheory #mumbaifoodie #mumbaifood #spicyfood #hotpot 
1848625388998618512,Bmnov8yB-2Q,39018399_316889558884291_2921344082229854208_n.jpg,0.1176,0,Street Foods in Indore That Cannot Be Missed #indore_taxi INDORE TAXI❤️❤️❤️❤️ #khattasamosa #poha #namkeens #j
1845693848443903382,BmdOMa4n12W,38776808_1293139127494625_9174624845239943168_n.jpg,0.1161,0,Peace is that last sukha golgappa after a dozen of spicy golgappes 😝 . . . . . . . . . #panipuri #golgappa #in
1847700012173925115,BmkWV8dHJr7,38543441_2075360612497612_3824404743405436928_n.jpg,0.1158,0,Keema Pav with mint chutney. One of my favorite dish. Follow @oyedelhi Use #OyeDelhi #foodiestaan #butterchick
1846238538796863751,BmfKCtTn5EH,38431274_226562234867485_5520975163444444557_n.jpg,0.1152,0,Happy Independence Day 🇮🇳 #Independceday #independecedaytheme #india #Baramati #HotelSamadhan #misalpav #food 
1846276509268814541,BmfSrQEHarN,38097426_711758802492101_1802172211591643136_n.jpg,0.1147,0,Happy Independence Day to all our Indian followers! 🇮🇳 Tell us your favorite must haves from our signature dis
1850197811985656277,BmtORtznCnV,39111128_287869058665585_6036558173542809600_n.jpg,0.1142,0,Cheese Naan With Dum Alu Punjabi At Utsav Hotel..❤️ . For more join us @foodiesinceborn92 ..❤️ . #dinner #dinn
1852421612597252874,Bm1H6RhHZMK,39824523_1944684525578189_4985422364444459008_n.jpg,0.1134,0,#mumbai #dharavi #bandstand #bandra #navimumbaikar #dadar #mumbaikars #marathi #maharashtra #vada #pavbhaji #d
1851308216690317058,BmxKwOxlpcC,38909092_1791674560954110_2995174853515935744_n.jpg,0.1134,0,"Tandoori Paneer Frankie ❤😍 Yolo , Opera House To get featured tag us on your pictures ❤ . . #ekplate #nomnom #"
1847916844242032562,BmlHpRDgdey,39043593_2193123707574631_207184270261747712_n.jpg,0.1134,0,"What makes our dosas so yummy?! We use #Coal as the fuel!! Hence, it's full of #flavour! Be here to relish the"
1844063700191708430,BmXbipBHoUO,37990381_1928983380455900_8228621194073473024_n.jpg,0.1133,0,Every Sunday I eat special breakfast Fafda Jalebi ..😍🤤 . For more join us @foodiesinceborn92 ..❤️ . #jalebi #f
1844065229399527255,BmXb45NAg9X,38626179_711365065874813_5402777075469778944_n.jpg,0.113,0,Every Sunday I eat special breakfast Fafda Jalebi ..😍🤤 . For more join us @foodiesinceborn92 ..❤️ . #jalebi #f
1851550036368583952,BmyBvK5nG0Q,39164596_300991890501094_4018038477747650560_n.jpg,0.1124,0,"Wanna have some spicy "" Mauchrian Chinese BHEL"" near Thane station. . . For more join us @foodiesinceborn92 .."
1848035529808066233,BmlioXmgra5,39181439_1158991064240254_8679793227752013824_n.jpg,0.1121,0,😂😂😂😂 #mumbai #dharavi #bandstand #bandra #navimumbaikar #dadar #mumbaikars #marathi #maharashtra #vada #pavbha
1842213228547746174,BmQ2yvAHSl-,38640351_672838839751022_976313536022052864_n.jpg,0.1119,0,Dinner plate😍 #foodart #thefoodattacker #foodislife #thesassyfoodie #followformore #comingupwithmore #staytune
1848463460065758920,BmnD7ktgk7I,38482554_211584329707716_3645261996791693312_n.jpg,0.1119,0,I first heard about macaroons through a magazine maybe and had them for the first time in Mumbai and loved the
1842883175129043238,BmTPHvYHFEm,38039104_1918453655114394_6685457689641746432_n.jpg,0.1115,0,Good food = good mood #foodart #thefoodattacker #foodislife #thesassyfoodie #followformore #comingupwithmore #
1845587712227049119,Bmc2D71Hn6f,38235954_2016060125125122_4859832121935527936_n.jpg,0.108,0,Cheese Nachos . . Tag a friend who love Cheese nachos . . 🎥@thefood.vlogger . Use #virus_sharma to get feature
1845000047360895726,BmawcSRhmru,38941976_210106289850550_7196867077733351424_n.jpg,0.1076,0,#vadapav #pavbhaji #mumbaifoodie
1848494768550317780,BmnLDLAnA7U,38247720_1734716133318246_2464250087514046464_n.jpg,0.1065,0,Fire and Ice Price? @ Rs80/- Where? ~Cubes Credits: @yeshwanth_dutt_photography 📷 Want your Food features to b
1845616570119194940,Bmc8n31h4k8,38941507_2145466065741435_6611293384080359424_n.jpg,0.1061,0,The only thing i wana take home #delhi #takeawaycoffee #southdelhi #mood #chill #starbucks #coldcoffee #coldco
1849126459394988726,Bmpare9A5q2,38785400_508962229528015_5568289690116956258_n.jpg,0.1052,0,Fried maggi ! . . Yes you read it right Fried maggi also called fraggi served with some chicken fries and dres
1848036011381323491,BmlivYGg3bj,38779335_1858910297530456_1932123422159011840_n.jpg,0.1042,0,😂😂😂 #mumbai #dharavi #bandstand #bandra #navimumbaikar #dadar #mumbaikars #marathi #maharashtra #vada #pavbhaj
1844931343899605986,Bmag0hMHrvi,38081594_301228627295320_6354001955169239040_n.jpg,0.1042,0,Indianfood# brisbane#golgappas# gurudwarasahab#enjoy#masti#dosa#pavbhaji#golgappe#cholebhutare#
1848373443601171442,BmmvdqWHQPy,38762383_478780795931614_8544963969423507456_n.jpg,0.1038,0,DELHIDIARIES DAY 4⃣ DILLI KE DAHI BHALLE HAR JUBAN PE CHAA JAE 😋😘_____________________________________________
1842144776843865958,BmQnOoYnq9m,37954094_355126791690865_438306450553438208_n.jpg,0.1011,0,"Turtle cheesecake from jack n chill, Hudson lane . . This was basically a cheesecake with some caramel and cho"
1850445534591247302,BmuGmjdhOPG,39019236_269848490292385_1246235995599273984_n.jpg,0.1005,0,"[ Original Song ] . RINDU BAITULLAH By. @dhianasyid Composed by Diyan Arr, Mix, Mastered by @dhionfanditya Voc"
1847763514431423889,BmkkyBinMWR,38757434_506859843096506_4921250746973814784_n.jpg,0.0994,0,"Had pizza chicken fries from uncle jack's , Chandigarh. It was okay, not that good as it seems . Taste - 3/5 P"
1852101820145414311,Bmz_MrlnzCn,39091583_250414545803078_2978661808069410816_n.jpg,0.0991,0,Pakoras are all you need to enjoy the monsoon season.😍😍😋 . tag someone who love to have pakora and chai in thi
1846334311358150396,Bmff0YdHjb8,38236430_222784851752129_1395561103559229440_n.jpg,0.0988,0,"Had peri -peri fries from burgrill , Chandigarh. It was just amazing ❤ Must try Taste- 4/5 Service-4/5 Price -"
1847791135517091839,BmkrD9rnKf_,38535246_1889929984383975_8469733691633958912_n.jpg,0.0985,0,SWIPE RIGHT ➡⏩ Had this mouth watering coffee chocolate cake in a jar and guys it was amazing. worth every pen
1848734472420129345,BmoBjUonvpB,38845055_2222467987988009_1680009627862827008_n.jpg,0.0982,0,DELHIDIARIES DAY 4⃣ DILII OR DILLI KI GARMI 😂. KOI TOH BACHALO 🤑. . ABB BAARISH KI TOH UMEED HAI NAHI TOH KUCH
1845205896452895623,BmbfPyLh_OH,38831007_474717143008282_5483897415574487040_n.jpg,0.0962,0,Exclusive dishes to Chai Pani. We serve everyday new authentic dishes. #bombaychicken #chickenmalabar #panipur
1848036323051480325,Bmliz6XgKUF,38806393_256723194957569_5444803815792443392_n.jpg,0.0957,0,😉😉😉 #mumbai #dharavi #bandstand #bandra #navimumbaikar #dadar #mumbaikars #marathi #maharashtra #vada #pavbhaj
1848999618677586409,Bmo91tVHDnp,38753635_294476137997078_3206385780171735040_n.jpg,0.0945,0,*NEW TESTIMONI* 🧡 Alhamdulillah Positif 🧡 *18 AGUSTUS 2018* KABAR GEMBIRA datang dari *BUNDA KHUSNUL* Usia : *
1851666932879014409,BmycUPQlzoJ,39361431_2025827084395274_1446897288575188992_n.jpg,0.0945,0,#mumbai #dharavi #bandstand #bandra #navimumbaikar #dadar #mumbaikars #marathi #maharashtra #vada #pavbhaji #d
1850179990537487362,BmtKOYShcQC,39401519_1823286281133091_383366693486854144_n.jpg,0.0944,0,"[ Original Song ] . RINDU BAITULLAH By. @dhianasyid Composed by Diyan Arr, Mix, Mastered by @dhionfanditya Voc"
1845064238626681325,Bma_CZDHrHt,38258188_2170383999885254_4120639839085264896_n.jpg,0.0938,0,You're fav 😋#dabeli @yummy_bites_cbe #chaat #chaatitems #spicy #yummy #yummy😋 #cbe #cbefoodie #cbefoodlover #c
1844777802952843216,BmZ96NCh5_Q,38097223_513846515732586_2301136850338709504_n.jpg,0.0936,0,"2nd video we make something different for you foodie's The best place for celebration,,,,,,,,,,,,,, #friedicec"
1845579099785845859,Bmc0Gm3ntxj,38521195_1876457222661155_359111544287526912_n.jpg,0.0935,0,Eating Mumbai Famous Mexican cheese peneni sadwich at Raju sandwich cost rs 120..😍 . Pic taken admin : @deepak
1847074014868944819,BmiIAfCHjez,38745937_290372038211492_784279006982701056_n.jpg,0.0926,0,Khane bhi do yaaro! #outstation #student #gharkakhana #multiple #choice #foodiediaries #food #indian #indianfo
1848618153733440352,BmnnGqansNg,38492494_1346143748849214_8090098676187267072_n.jpg,0.0904,0,All you need is love. But a little chocolate now and then doesn't hurt. #vegetarian #veganfood #broccoli #macn
1846545120146934022,BmgPwDcFskG,39324292_451282015367844_864001451196678144_n.jpg,0.0904,0,Mouth Watering Mumbai #MumbaiTimes #PavBhaji #MalaiKulfi #Pan
1850712704919185022,BmvDWZOAqZ-,39087500_321848728360821_1018630474400006144_n.jpg,0.0902,0,*NEW TESTIMONI* 🧡 Alhamdulillah Positif 🧡 *21 AGUSTUS 2018* KABAR GEMBIRA datang dari *BUNDA YANTI* Dari: BATA
1848016470370542340,BmleTBHgeME,38885029_395577777638389_4717026413553647616_n.jpg,0.0899,0,#mumbai #dharavi #bandstand #bandra #navimumbaikar #dadar #mumbaikars #marathi #maharashtra #vada #pavbhaji #d
1848037677853624227,BmljHoIAMej,38626151_2253919474648061_232727712081379328_n.jpg,0.0893,0,😂😂😂😂 #mumbai #dharavi #bandstand #bandra #navimumbaikar #dadar #mumbaikars #marathi #maharashtra #vada #pavbha
1842242636715482658,BmQ9erfgV4i,37759670_451205152065139_4945526439001718784_n.jpg,0.0892,0,#mumbai #dharavi #bandstand #bandra #navimumbaikar #dadar #mumbaikars #marathi #maharashtra #vada #pavbhaji #d
1850589790102222185,BmunZv4AfVp,39079975_277167446219608_5408268517575229440_n.jpg,0.0892,0,"Tag ur that bhukkad friend who can eat this huge thaali😋😂 for Veg ₹1,600++ & Non veg ₹2,000++ . . . . #foodlov"
1844925817517508860,BmafkGWFAj8,39119754_2162822803987911_3612982272430440448_n.jpg,0.089,0,Keema Pav! Mumbai Chai Festival at ChaiJaai. 11th to 19th August. #chaijaai #mumbaifestivalchaijaai #mumbaistr
1842699999285935440,BmSleLlDP1Q,38159000_513564162417735_7246288909926137856_n.jpg,0.0888,0,#aamchimumbai ♥️ . . Here are some super exciting reasons why you must explore the “City of Dreams” right now!
1844113164741103342,BmXmyceA87u,38290860_274182236725538_3937066777871122432_n.jpg,0.0887,0,Sunday calls for brunch!!! And Nandos new menu will surely interest you. Had the Peri Veg Naan (left) and Peri
1847021315796271193,Bmh8BnMnIBZ,38206637_441995442971433_3492400120702435328_n.jpg,0.0884,0,Yummmy Alu Chat at Urban Tadka.🤤❤️ . For more join us @foodiesinceborn92 ..❤️ . #samosa #vadapav #chai #chatni
1843301127322314427,BmUuJvsH6a7,38081818_456199354860814_1294661794811346944_n.jpg,0.0882,0,Follow for more such food updates @upwalefoodie aap Chai ke saath kya pasand hai ? #repost via: #he_cook_she_e
1848514537051352760,BmnPi13F264,38732495_219999842028207_4463123670889398272_n.jpg,0.0881,0,"Tag ur that bhukkad friend who can eat this huge thaali😋😂 Available @ardor2.1 for Veg ₹1,600++ & Non veg ₹2,00"
1844925227722905055,BmafbhDlJXf,38291801_1672749272836460_6042580580980228096_n.jpg,0.088,0,Keema Pav! Mumbai Chai Festival at ChaiJaai. 11th to 19th August. #chaijaai #mumbaifestivalchaijaai #mumbaistr
1843350810413490247,BmU5curH-BH,38181195_909781329205467_4795833617416716288_n.jpg,0.0855,0,Jalebi or Dhokla?? Tag a friend 😋😋😋 ❤️❤️❤️❤️ Picture by @healthy___bites ➖➖➖➖➖➖➖➖ . . #golgappa #samosa #india
1853022846018056376,Bm3QnXxlvC4,39208299_310189039560463_1377727129533967673_n.jpg,0.0854,0,@benares.kitchen just came up with a new Chai special Menu and i am in love. . . . My chai obsession just got 
1845730544392809987,BmdWiapny4D,38430009_890171501177608_6176171475683246080_n.jpg,0.0854,0,Patriotic enough? 😬 . . . . Picture Credits @ms.archifoodie . . . . . . . . . #panipuri #golgappa #indianfood 
1847812186183293548,Bmkv2SpF9ps,38704805_2134961446782401_351675495609270272_n.jpg,0.0853,0,"Biryani is the solution to every Problem 😌 . Sahi kaha na! . . Rest you know zindgi ka ek hi usool Bs ""khao Pi"
1842801561220553471,BmS8kGgFhr_,38503831_2198058680463254_7898714203333066752_n.jpg,0.0849,0,"Akuri, scrambled eggs, Parsi style! Mumbai Chai Festival at ChaiJaai. #chaijaai #mumbaifestivalchaijaai #mumba"
1847981835142008923,BmlWbAjA5Bb,38157856_2061269990550864_1110456523001167872_n.jpg,0.0847,0,Today's lunch @officialmumbailocal The GOOD: Everything tastes great and made fresh to order The BETTER: All v
1847292144553909345,Bmi5msIgVxh,38882780_2213089512247590_2516408629918171136_n.jpg,0.0842,0,Aren't these adorable? . . . Ice Cream sandwiches at @bostonfries . . . . Follow foodcriticintown for more. . 
1842668024151368859,BmSeM4ag2Sb,38898883_2158936504373308_3296271014656212992_n.jpg,0.084,0,"Green Ravioli from Casabella Vista, Sector 10, Chandigarh Ravioli, the traditional food of Italy, is basically"
1849240717555976403,Bmp0qKKHMjT,38656318_2110688612514450_5427678566112530311_n.jpg,0.0836,0,"Juicy chicken drumsticks from jack n chill, Vijay Nagar . . ₹-220 Totally worth it Loved it❤️ Follow @dillicio"
1848984545716501627,Bmo6aXinnx7,38967349_264530764158334_1607850303229526016_n.jpg,0.0831,0,"A fit, healthy body—that is the best fashion statement #plantbased #veganfood #friedchicken #macncheese #india"
1849902183546522941,BmsLDwXgo09,39330814_258618998090056_4336303955337281536_n.jpg,0.082,0,Eid Offer at Bombay Chowpatty! 20th August till 25th August 2018. Spend QR 25 & get 15% off only at Bombay Cho
1842175935959148632,BmQuUDknihY,38475502_2195181577432429_1786396543310364672_n.jpg,0.0807,0,Mujhe Golgappa bahut passnd hai 😍 Aapko? . . Follow @upwalefoodie for such more food pics and updates ☑️ . . .
1843452773842917381,BmVQofhHZgF,38480097_249616822347615_536994503978909696_n.jpg,0.0804,0,Homemade Gol Gappas! Always a yaay! :D Follow @hot_for_food for more! . . . ©️ @hot_for_food ©️ @hot_for_food 
1847897057379994394,BmlDJVGn8sa,38302194_680531775646641_290604208871178240_n.jpg,0.0801,0,Dahi Bhalla Party at home! My mom makes the best dahi bhalla ever! Follow @hot_for_food for more! . . . ©️ @ho
1842214539995650022,BmQ3F0YgBfm,37840906_1897090613929736_1294334380864438272_n.jpg,0.08,0,#mumbai #dharavi #bandstand #bandra #navimumbaikar #dadar #mumbaikars #marathi #maharashtra #vada #pavbhaji #d
1845691608534384147,BmdNr0znH4T,38081287_2016348088395479_7377336312111562752_n.jpg,0.0787,0,"Samosa is a real ""must have"" for evening snack. . . . . . . 🌾🌾🌾🌾🌾🌾🌾 . . Follow @born2foodie for such more food"
1847192650665232166,Bmii-3OnQcm,38475500_2187612438183755_115238185914597376_n.jpg,0.0778,0,Samosa is an easily available snack in the office 😝😜. . . How many people love samosa?? . . . . . 🌾🌾🌾🌾🌾🌾🌾 . . 
1845109695208127583,BmbJX3ygnxf,37898535_270213297141221_8165712245448245248_n.jpg,0.0761,0,"Beating your monday blues🙈 The new brownie cupcake from Get Desserted, Sector 8, Chandigarh . . . . The browni"
1846554221105992292,BmgR0fXhVJk,38835531_2103746043286381_4187832927393939456_n.jpg,0.0752,0,"Our new look, will share more pics in sometime. . . . . . . . #Fusionbite #cafe #virar #unique #moctail #momo "
1846988938445544144,Bmh0qdcH1rQ,38198688_1049548495226816_6615377378287812608_n.jpg,0.074,0,How much is too much of Maggiee ?? . . . Hai koi jawab ?? . . . #shotononeplus#pavbhaji #dwarka#vforveggie#dil
1843391275521431566,BmVCpkvglgO,37855058_674553339564628_8875281795260612608_n.jpg,0.0736,0,"One of few places that never disappoint me is Backpackers. The vibe, the food and everything is on point. . . "
1849459984811755207,Bmqmg6tAQbH,39118556_221992511804853_6842186698449747968_n.jpg,0.0727,0,Vietnamese Iced Coffee (Rs. 225) I’ve had it before at the grub fest and so definitely it was my first order a
1850646779360542861,Bmu0XDQgYCN,39399208_451282918708955_8168172097772716032_n.jpg,0.0719,0,😂😂😂😂😂 #mumbai #dharavi #bandstand #bandra #navimumbaikar #dadar #mumbaikars #marathi #maharashtra #vada #pavbh
1850511775647074802,BmuVqfQHwny,38150516_461548187692625_4309292669789536256_n.jpg,0.0714,0,"Anyone for KULCHA (flatbread /roti)🌟 Tag your friends who would love these.😍 Kulcha is a easy to make, soft an"
1851554766543561612,BmyC0AOAqOM,38771600_373335456535076_4167519359876464640_n.jpg,0.0711,0,"Hershey’s chippits cookies from Pizza hut, Toronto. . . . . Wish this kinda food was available in Chandigarh 😔"
1853541791598238733,Bm5GnBgjdwN,39582184_311591452940504_1845933337017843712_n.jpg,0.071,0,"Tandoori Paneer Frankie ❤😍 Yolo , Opera House Credit: @ekplate #ekplate #nomnom #nom #delhi_igers #eeeeeats #f"
1850713497443087014,BmvDh7UHbKm,38885028_254267458551198_8280479196141060096_n.jpg,0.0709,0,
1850692861509296788,Bmu-1omnOKU,39320099_235477147164821_7840700529582800896_n.jpg,0.0703,0,"""Jalebi or Dhokla?? Tag a friend 😋😋😋 ❤️❤️❤️❤️ Picture by @healthy___bites ➖➖➖➖➖➖➖➖ . . . . #golgappa #samosa #"
1843418746703005028,BmVI5VRh0Vk,37890090_2139001823010537_3621162548746780672_n.jpg,0.07,0,Paneer chilly #delicious #deliciousfood #chinesefood #chinese #indochinese #indian #chaathouse #dahibhalle #da
1842205804829272743,BmQ1GtIAuqn,37870177_2182603445304046_971312600656642048_n.jpg,0.0684,0,"Tawa pulao in the making 🌶️❤️ . Location - Opposite The times of India, WHC road . Taste- 4.5/5 . Cost- ₹60 . "
1841939770546563782,BmP4nZZF6rG,38145690_308568336580630_1332338089745448960_n.jpg,0.0681,0,Puchka shots . . . . #vadapav #indianphotography #pune#mumbaifoodie #delhigram #delhifoodie#mumbai_igers #pavb
1844837698133616639,BmaLhyxgOf_,38755887_1032252663618665_1616867264944930816_n.jpg,0.0654,0,"Another one from the Nandos new menu!! Chicken skewers, pita & salad (Rs. 220) . . . . Juicy chicken strips al"
1850074188876657485,BmsyKw0HLNN,38672352_257349594886920_3255135522186802102_n.jpg,0.0643,0,"All new loaded fries from McDonald’s Loaded with salsa and white cheese, is my current favourite. . ₹-109 Rati"
1846376343778667715,BmfpYCMnKzD,38665547_1967538459934453_220322145723482112_n.jpg,0.0641,0,#Repost @foodcriticintown (@get_repost) ・・・ @hardys_burger_tricity is coming up with these Monster Burgers. . 
1845691429076906825,BmdNpNrHLNJ,38226963_2227803500824569_4816215990310273024_n.jpg,0.0628,0,Naanzaaa . . . Newest phenomenon that is taking Indian restaurants by storm. It packs in the deliciousness of 
1850085966203794323,Bms02JTgzOT,38777650_258564911644413_5943362053996213342_n.jpg,0.0628,0,@amigoscafeindia you are definitely serving some amazing pasta. Just loved it . . . . . Follow @foodcriticinto
1846300660069455865,BmfYKsQAlf5,38157881_887731531419452_813214738526765056_n.jpg,0.0626,0,"Baked wings and Mexican sole fish from AJA, Sector 11, Chandigarh Amazingly cooked chicken and sole fish that "
1849354806238635253,BmqOmXhg-T1,38770432_1949616142003091_7088728588723159040_n.jpg,0.0622,0,A huge cup of coffee☕️ newspaper and television📺 thats all a person needs in this weather😍🎂 • • • • • #food #f
1845728847174172312,BmdWJt_gf6Y,39061594_451229795376641_2552227153928257536_n.jpg,0.0614,0,#Repost @bonappetit_1 with @get_repost ・・・ Beating your monday blues🙈 The new brownie cupcake from Get Dessert
1849355909778604576,BmqO2bRn4Ig,39332696_316380215589771_5012824225728167936_n.jpg,0.0611,0,(repost) . . . Sunday Chai Par Charcha 🤣🤣🤣😍😍😍 #sundaystories . . . 👉 FOLLOW : @iamreshmakhan 👉 FOLLOW : @iamre
1841916492151354509,BmPzUpsnXSN,38198297_2143347862460168_3758780018239471616_n.jpg,0.0603,0,"Veg curry bombs ❤️ Where? ERA, CP . . Yayyy 👍or Nayy 👎? . Follow @rassasy_delight for more such scrumptious fo"
1846369624107761875,Bmfn2QBA8DT,38525171_513632299065334_277355729411637248_n.jpg,0.0579,0,@hardys_burger_tricity is coming up with these Monster Burgers. . . They are launching in today and you can or
1850099297765383719,Bms34JSgV4n,38520410_207998326736159_143747753623683072_n.jpg,0.0579,0,Classic Fish and Chips🤤 My new found love!!! . . . . Fish and chips were originally a hot dish of English orig
1847761489285466580,BmkkUjegcnU,38908908_1030578933784284_4978778466649374720_n.jpg,0.0568,0,Surround yourself with pizza not negativity!!! . . . . This pizza had minimal toppings which includes mushroom
1845514117089956214,BmclU_BHZF2,38081103_452985971851705_8238205379234758656_n.jpg,0.0565,0,"#Celebrate #Monsoon with Chatori Ki Katori, #Kaushalpuri .... Enjoy up to 30% #discount on MRP .... Limited pe"
1849372087485770661,BmqSh18HKul,39494155_225828471448020_5855635274654023680_n.jpg,0.0553,0,Daal kachori and Plazza kachori dill Khus hi jae Kha ke. Saath mein alloo ki sabji 😜😋😘 _______________________
1853615765398160073,Bm5Xbe-nwLJ,38698645_313137295930835_4033437541821579264_n.jpg,0.0553,0,"Himachali Lunch at @thefernsurya . . . On the table we were served Dadu Chicken, Sepu Vadi and Channa Madra. ."
1842872453531917204,BmTMruHH1uU,38425713_1921070407999310_8810815547328430080_n.jpg,0.0547,0,And just started adding calories to my weekend. Lets see how does it goes. . . . DIY FRIES at @bostonfries wer
1842955826103105501,BmTfo83nLfd,38795126_287292881854271_5613041219534848_n.jpg,0.0544,0,Follow @dilliciousfoodie @dilliciousfoodie @dilliciousfoodie @dilliciousfoodie @dilliciousfoodie @dilliciousfo
1843610093872959340,BmV0ZzNn09s,38017950_684299695266578_5443788592897851392_n.jpg,0.0541,0,Mumbai ki Baarish aur Vada Pav 😋 . . . . . . . . . . . . . #marathi #sodelhi #delhidiaries #puneinstagrammers 
1851308750071944906,BmxK3_hnFbK,39215291_2016461458405570_3172352296109473792_n.jpg,0.0536,0,"Because its raining and I’m craving Momos in the morning. . . . Recently tried this momos at Phase 10, Mohali "
1846376112293211368,BmfpUqnAOzo,38476888_680536805658530_6072147204565368832_n.jpg,0.0535,0,#mumbai #dharavi #bandstand #bandra #navimumbaikar #dadar #mumbaikars #marathi #maharashtra #vada #pavbhaji #d
1845053481251930511,Bma8l2dnoGP,38420511_377984902736039_2240096886797107200_n.jpg,0.0535,0,Samosa Khaoge . . #indianphotography #foodstyle #iphoneography #foodphotography #kolkatadiaries #sodelhi #vada
1847767589978052973,BmkltVMHxlt,38704803_236690747031721_3605765743825649664_n.jpg,0.0522,0,📷 ➡️ : @thapliyal6693 . . . . . . Chole Kulche #Shotonhonor9n . . . . . . #kulcha #duggarfood #food #jammu #ja
1846382356261331810,BmfqvhwgWNi,38831046_455452951606525_7550123808502317056_n.jpg,0.0521,0,#mumbai #dharavi #bandstand #bandra #navimumbaikar #dadar #mumbaikars #marathi #maharashtra #vada #pavbhaji #d
1842305205891273491,BmRLtLlAJMT,37929457_701091556899895_771755732751089664_n.jpg,0.051,0,Enjoyed baking this cake with a fresh cream frosting and elegant rose bouquet.💐🌹 Perfect for any kind of celeb
1846952343015421926,BmhsV7Sgnfm,38779297_2008375459475116_1477302869597093888_n.jpg,0.0508,0,"Mesmerizing, Isn't it? . . . Vietnamese cold coffee at @ajaindia This is just so goood 😍😍. . . . . . . . Follo"
1845583253931708943,Bmc1DDuAlIP,38643385_338061043402019_6373203920725999616_n.jpg,0.0506,0,"My new favourites from AJA, Sector 11, Chandigarh Bora Bora Smoothie and Blueberry Choco Brownie Shake . . . ."
1847739446147757413,BmkfTyNHTVl,38707113_730525877289876_2164198174657347584_n.jpg,0.0505,0,DELHIDIARIES DAY 3⃣ ABB DELHI MEIN CHANDANI CHOWK OR DILLI KE KULCHE. SUBAH SE HI HUM CHALOON HO GAE HAI. 😋🤓 .
1846378250081539144,BmfpzxlHhRI,37801812_695460820787505_3691143852514607104_n.jpg,0.0503,0,#Repost @hardys_burger_tricity (@get_repost) ・・・ #Repost @foodcriticintown (@get_repost) ・・・ @hardys_burger_tr
1848563811726671196,Bmnav4enD1c,39025560_258922674730517_6561887516281012224_n.jpg,0.0496,0,Golgappa khaoge 🤤 Jao apni plate le kar aao jaldi se 😉 . . . . . . . . #delhi_igers #delhidiaries #kolkata #ko
1847055688585526495,BmiD1zWgTzf,38535619_1750058918446512_6884723178376003584_n.jpg,0.048,0,#mumbai #dharavi #bandstand #bandra #navimumbaikar #dadar #mumbaikars #marathi #maharashtra #vada #pavbhaji #d
1849961214071964436,BmsYew1AoMU,38778144_2166325653614837_6118055349783101440_n.jpg,0.0467,0,#mumbai #dharavi #bandstand #bandra #navimumbaikar #dadar #mumbaikars #marathi #maharashtra #vada #pavbhaji #d
1844467592631201961,BmY3YDKgLCp,38802369_271103170369593_3286228577959280640_n.jpg,0.0466,0,U cant go wrong with this perfect bow cake for a gentleman🤵🏼 • • • • • #food #foodporn #foodie #comfortfood #t
1848659271208659397,BmnwdADH-nF,39042925_318757452214358_2110137554446581760_n.jpg,0.0463,0,Mumbai ♥️ Vada Pav ♥️ . . . . . . . . . . . #marathi #sodelhi #delhidiaries #puneinstagrammers #indiapictures 
1849960083396585665,BmsYOTzgWjB,38782350_473029683165053_3408728900736385024_n.jpg,0.0461,0,#mumbai #dharavi #bandstand #bandra #navimumbaikar #dadar #mumbaikars #marathi #maharashtra #vada #pavbhaji #d
1846963039608129249,BmhuxlRHkbh,38433159_1811689735604706_1669866405463326720_n.jpg,0.0459,0,Egg Dosa🍝 Where? ~Cowl Bazaar New Market Credits: @saicharanphotography 📷 Want your Food features to be featur
1849958152045533583,BmsXyNGAxmP,38431272_266018527359841_4716649719151984640_n.jpg,0.0455,0,#mumbai #dharavi #bandstand #bandra #navimumbaikar #dadar #mumbaikars #marathi #maharashtra #vada #pavbhaji #d
1848470350797223052,BmnFf2NHDSM,38502742_280784342701617_6817717956231823360_n.jpg,0.0453,0,Saturday's are meant for dhoklas 😋 #foodart #thefoodattacker #foodislife #thesassyfoodie #followformore #comin
1848656061332975382,BmnvuSnn-8W,38644620_1251703124971430_685964177625317376_n.jpg,0.0452,0,Waffle Waffle Waffle . . So a new waffle world has opened up in Mohali. @worldofwafflesmohali . . Cost friendl
1849826504530050490,Bmr52eynb26,39494088_247774392735424_146459076283334656_n.jpg,0.0439,0,Monday ki shuruwat Malai Paneer Samosa se ♥️ . . . . . . . . . . #delhigram #mumbaifoodie #delhi #vegetarianfo
1849952014604248370,BmsWY5KASUy,38766638_1941268462590828_2199151898412449792_n.jpg,0.042,0,#mumbai #dharavi #bandstand #bandra #navimumbaikar #dadar #mumbaikars #marathi #maharashtra #vada #pavbhaji #d
1847719253317168643,Bmkat8Knq4D,38772605_625189117878356_6884879068508979200_n.jpg,0.0409,0,Kachori Sabzi ♥️ Fanta ♥️ CocaCola ♥️ Make your pick! . . . . . . . . #kolkatagram #newdelhi #mumbaidiaries #s
1850723077258580988,BmvFtVNnZP8,37970498_1710451669054158_5867662699206279168_n.jpg,0.0392,0,Multan Moth Kachori 😋 Iska toh swad hi alag hai 😋 . . . . . . . . . . . . . . . #delhi_igers #delhidiaries #ko
1847622366538837639,BmkEsDUnS6H,39039282_231834790853583_1627762261240053760_n.jpg,0.0383,0,Maysoor masala Dosa😋 #foodart #thefoodattacker #foodislife #thesassyfoodie #followformore #comingupwithmore #s
1843988915550134345,BmXKiYZH6BJ,37989041_925831631093369_680673791528927232_n.jpg,0.0373,0,A perfect day out with C4ians.. Time to celebrate.. Coz its food time.. #food #bombaykulfi #bhelpuri #dhahipoo
1850201675577400955,BmtPJ8Dn557,39196260_185257218917949_5738562175631360000_n.jpg,0.0372,0,Schezwan Sandwich Price? @ Rs70/- Where? ~Cubes Credits: @saicharanphotography 📷 Want your Food features to be
1849955380474563748,BmsXJ33gkyk,39172611_1936852393042286_8597722179456466944_n.jpg,0.037,0,#mumbai #dharavi #bandstand #bandra #navimumbaikar #dadar #mumbaikars #marathi #maharashtra #vada #pavbhaji #d
1844194177884052679,BmX5NV1n1zH,38714255_619919858409170_6639539584394854400_n.jpg,0.0368,0,#Grillsandwich @yummy_bites_cbe #coimbatorefood #coimbatorefoodies #cbe #fastfood #fastfoodlife #samosa #panip
1848490423232924668,BmnKD8Hgov8,38628677_311703926057525_3401592589235781632_n.jpg,0.0366,0,😂😂😂 #mumbai #dharavi #bandstand #bandra #navimumbaikar #dadar #mumbaikars #marathi #maharashtra #vada #pavbhaj
1846282479357353784,BmfUCIJH184,38026170_243130686339233_6522027930556563456_n.jpg,0.0361,0,MARGHERIZZA . . This fusion of sandwich and pizza is so damn good where you get all your pizza toppings in a s
1846260463229082001,BmfPBwBnhmR,38202154_228997924450689_7873656664048533504_n.jpg,0.0342,0,"Poha for breakfast 😍Simple and easy to make, but super yummmy! . . . . Follow @rassasy_delight . . My favourit"
1847848512522100761,Bmk4G6LnSAZ,38535624_545215982601712_1155122632396374016_n.jpg,0.0315,0,Bombay Bhelpuri । बॉम्बे भेलपुरी ♥️ . . . . . . . . . . . . . . . #mumbaikar #bangalore #delhidiaries #indianp
1844032999639713080,BmXUj45n4U4,38709786_2005246756174052_6082194026423910400_n.jpg,0.0312,0,Biryani Where? ~AFC Credits: @girl_wid_goal 📷 Want your Food features to be featured here? Tag or Hashtag #foo
1848781588083606173,BmoMQ8hAYKd,38258087_848961708629186_1962136271371370496_n.jpg,0.0312,0,Stay tuned for more mesmerizing designs😍 • • • • • #food #foodporn #foodie #comfortfood #tasty #vadilal #happi
1845816200653496796,BmdqA4QnOHc,38674221_1929550040466333_6611237287512506368_n.jpg,0.0308,0,Spring rolls 🔥 Follow @dilliciousfoodie @dilliciousfoodie @dilliciousfoodie @dilliciousfoodie @dilliciousfoodi
1849367845819902335,BmqRkHlH-l_,39352505_309288756315284_8855076417969324032_n.jpg,0.0307,0,"Kachori Price? @ Rs40/- Where? ~Taste of Rajawada, Pola's Heritage, Court Road. Credits: @nikhita_7 📷 Want you"
1850608060274184052,BmurjnTHg90,39486029_296265774482990_5915367828675887104_n.jpg,0.0304,0,"Poha for breakfast 😍Simple and easy to make, but super yummmy! . . . . Follow @rassasy_delight . . . . . . #no"
1845176003599441032,BmbYcySnpyI,38665532_1840038099412090_1065785809401020416_n.jpg,0.03,0,Beat the heat with virgin mojito ‭ . @jacknchillindia Follow @dilliciousfoodie @dilliciousfoodie @dilliciousfo
1847015526296091276,Bmh6tXTgnqM,38744470_935154810006708_1959448601096617984_n.jpg,0.0291,0,"Grilled Chicken Peri Peri Sizzler from Social, Sector 7, Chandigarh . . . . The sizzler had grilled chicken sm"
1849926983854497077,BmsQspdDp01,39301481_2231005340464277_3706177530835763200_n.jpg,0.0278,0,Our Chocolate Cold Coffee is the lifeline for many Lol!! . . #CoffeeLove #ColdCoffee #DhabaCafe #ChaatChaToRe 
1846387669228074651,Bmfr812ADab,38812827_471435413326062_2952536161957969920_n.jpg,0.0263,0,#mumbai #dharavi #bandstand #bandra #navimumbaikar #dadar #mumbaikars #marathi #maharashtra #vada #pavbhaji #d
1841994644903100775,BmQFF7HnwFn,37774108_2166706206909823_4073509208736137216_n.jpg,0.0253,0,Anjur with Ice cream Price? @ Rs100/- Where? ~Natural's Credits: @venkatesh_amdala 📷 Want your Food features t
1841480084970316996,BmOQGF1nKTE,38426512_2156930801188432_6045737364762918912_n.jpg,0.0238,0,Cheesy baked fries 🍟 . . ₹-100 Follow @dilliciousfoodie @dilliciousfoodie @dilliciousfoodie @dilliciousfoodie 
1850255304248377642,BmtbWVpgcEq,39102128_2144038292530829_1464384170611441664_n.jpg,0.0235,0,Celebrating 1st birthday of a kid🧚🏽‍♀️🎂😍 • • • • • #food #foodporn #foodie #comfortfood #tasty #vadilal #happi
1843759475727651021,BmWWXl6AdDN,37938796_294111218061325_776255647296520192_n.jpg,0.0219,0,Angry birds in town🌿☘️ • • • • • #food #foodporn #foodie #comfortfood #tasty #vadilal #happiness #yummyfood #j
1853668396850066881,Bm5jZX1nbXB,39226071_1405165602919300_8442100568988039183_n.jpg,0.0206,0,McDonald’s grilled chicken wrap Follow @dilliciousfoodie @dilliciousfoodie @dilliciousfoodie @dilliciousfoodie
1849532161057749740,Bmq27OEgfrs,39494082_2055896481101868_2962033180757983232_n.jpg,0.0205,0,Barbie at the top🧚🏽‍♀️ • • • • • #food #foodporn #foodie #comfortfood #tasty #vadilal #happiness #yummyfood #j
1845452225704825040,BmcXQWLFxDQ,37910364_440557503105883_3131407737221545984_n.jpg,0.0187,0,Just 😋😋😋 @bollywood_dost . . . . #vadapav #samosa #kachori #foodlovers #panipuri #dahipuri #bhel #bhelpuri #ma
1845199808160157694,Bmbd3MBAU_-,38880136_301131463976783_2020781816415256576_n.jpg,0.0183,0,Chota Bheem 💪🏻 • • • • • #food #foodporn #foodie #comfortfood #tasty #vadilal #happiness #yummyfood #jodhpur #
1847196068997942867,BmijwmzHs5T,38817423_333902083819055_1433540915242205184_n.jpg,0.0181,0,Pizza is bae Barbecue paneer pizza @jacknchillcafe Follow @dilliciousfoodie @dilliciousfoodie @dilliciousfoodi
1846184176059963191,Bme9roEAFc3,38533690_316477332430455_6504632033107509248_n.jpg,0.0178,0,• • • • • #food #foodporn #foodie #comfortfood #tasty #vadilal #happiness #yummyfood #jodhpur #corn #foodstagr
1846501257835380907,BmgFxxelwCr,38779319_285711565350598_5698285497042862080_n.jpg,0.0165,0,सुटल ना तोंडाला पाणी?? 😋😋 @bollywood_dost . . . . #laddu #vadapav #samosa #kachori #foodlovers #panipuri #dahi
1843037397596649417,BmTyL-PgjfJ,38097614_2612172485675012_5977969790218665984_n.jpg,0.0126,0,MANGO CAKE 🍋 • • • • • #food #foodporn #foodie #comfortfood #tasty #vadilal #happiness #yummyfood #jodhpur #co
1846362031746240213,BmfmHxFAM7V,38819814_1131170810380982_2057271343165997056_n.jpg,0.0124,0,happy independence day • • • • • #food #foodporn #foodie #comfortfood #tasty #vadilal #happiness #yummyfood #j
